hotel_id,hotel_name,city,state,week_start,year,week_number,rooms_available,rooms_booked,occupancy_rate,avg_lead_time,cancelation_rate,total_guests,avg_guest_age,loyalty_members,repeat_guests,avg_daily_rate,total_revenue,extras_revenue,holiday_week,local_event
H100,Great Lakes Inn,Chicago,IL,2023-01-01,2023,52,94,70,0.74,13,0.15,70,55,21,34,135.35,66321.5,1865.42,True,
H100,Great Lakes Inn,Chicago,IL,2023-01-08,2023,1,115,73,0.63,10,0.13,73,48,24,20,89.52,45744.72,1264.89,False,Convention
H100,Great Lakes Inn,Chicago,IL,2023-01-15,2023,2,97,82,0.85,12,0.23,246,28,78,119,127.51,73190.74,7210.91,False,
H100,Great Lakes Inn,Chicago,IL,2023-01-22,2023,3,149,95,0.64,20,0.21,95,34,54,26,119.89,79726.85,2208.79,False,State Fair
H100,Great Lakes Inn,Chicago,IL,2023-01-29,2023,4,134,96,0.72,1,0.04,96,47,31,24,123.43,82944.96,1046.84,False,
H100,Great Lakes Inn,Chicago,IL,2023-02-05,2023,5,91,54,0.59,2,0.26,54,28,29,12,122.69,46376.82,1605.84,False,Convention
H100,Great Lakes Inn,Chicago,IL,2023-02-12,2023,6,144,91,0.63,18,0.21,273,31,152,105,113.82,72503.34,4536.7,False,
H100,Great Lakes Inn,Chicago,IL,2023-02-19,2023,7,105,71,0.68,11,0.3,213,29,109,91,118.48,58884.56,4521.04,False,
H100,Great Lakes Inn,Chicago,IL,2023-02-26,2023,8,149,103,0.69,24,0.01,206,40,81,72,114.02,82208.42,5799.17,False,Convention
H100,Great Lakes Inn,Chicago,IL,2023-03-05,2023,9,137,88,0.64,3,0.06,264,45,148,116,143.16,88186.56,3625.09,False,Music Festival
H100,Great Lakes Inn,Chicago,IL,2023-03-12,2023,10,80,56,0.7,20,0.1,56,42,16,19,125.22,49086.24,1027.5,False,
H100,Great Lakes Inn,Chicago,IL,2023-03-19,2023,11,134,88,0.66,11,0.2,176,30,104,86,148.08,91217.28,2646.27,False,Music Festival
H100,Great Lakes Inn,Chicago,IL,2023-03-26,2023,12,99,50,0.51,13,0.08,50,38,17,17,126.03,44110.5,1485.65,False,Music Festival
H100,Great Lakes Inn,Chicago,IL,2023-04-02,2023,13,93,72,0.77,5,0.06,72,54,33,16,147.85,74516.4,1922.84,False,Sports Event
H100,Great Lakes Inn,Chicago,IL,2023-04-09,2023,14,92,55,0.6,10,0.18,110,24,54,27,121.37,46727.45,2620.06,False,Music Festival
H100,Great Lakes Inn,Chicago,IL,2023-04-16,2023,15,113,86,0.76,12,0.14,86,36,42,38,131.12,78934.24,1814.95,False,
H100,Great Lakes Inn,Chicago,IL,2023-04-23,2023,16,138,74,0.54,15,0.14,222,45,125,96,125.94,65236.92,5070.62,False,
H100,Great Lakes Inn,Chicago,IL,2023-04-30,2023,17,128,92,0.72,19,0.23,92,47,34,27,100.91,64986.04,2293.54,False,State Fair
H100,Great Lakes Inn,Chicago,IL,2023-05-07,2023,18,117,93,0.79,16,0.15,279,31,165,88,103.68,67495.68,7767.62,False,State Fair
H100,Great Lakes Inn,Chicago,IL,2023-05-14,2023,19,126,103,0.82,17,0.3,309,30,94,121,139.54,100608.34,4184.54,False,Convention
H100,Great Lakes Inn,Chicago,IL,2023-05-21,2023,20,88,59,0.67,18,0.2,59,31,32,17,89.7,37046.1,790.0,False,
H100,Great Lakes Inn,Chicago,IL,2023-05-28,2023,21,109,84,0.77,14,0.14,168,50,87,68,121.03,71165.64,4040.35,False,
H100,Great Lakes Inn,Chicago,IL,2023-06-04,2023,22,109,61,0.56,7,0.18,61,45,32,24,197.05,84140.35,1466.4,False,Sports Event
H100,Great Lakes Inn,Chicago,IL,2023-06-11,2023,23,115,83,0.72,15,0.09,166,39,76,47,109.31,63509.11,3621.57,False,
H100,Great Lakes Inn,Chicago,IL,2023-06-18,2023,24,126,82,0.65,21,0.21,82,32,25,29,124.33,71365.42,1706.64,False,Music Festival
H100,Great Lakes Inn,Chicago,IL,2023-06-25,2023,25,125,104,0.83,19,0.13,104,35,33,21,86.62,63059.36,3042.31,False,
H100,Great Lakes Inn,Chicago,IL,2023-07-02,2023,26,114,85,0.75,20,0.06,255,57,127,72,128.1,76219.5,7419.81,True,
H100,Great Lakes Inn,Chicago,IL,2023-07-09,2023,27,89,65,0.73,25,0.03,195,37,64,67,157.44,71635.2,3796.54,False,
H100,Great Lakes Inn,Chicago,IL,2023-07-16,2023,28,101,68,0.67,5,0.3,204,54,91,93,91.28,43449.28,4727.47,False,
H100,Great Lakes Inn,Chicago,IL,2023-07-23,2023,29,111,75,0.68,14,0.21,75,33,34,36,162.23,85170.75,1329.15,False,Sports Event
H100,Great Lakes Inn,Chicago,IL,2023-07-30,2023,30,128,93,0.73,9,0.15,186,34,62,76,136.99,89180.49,4199.67,False,
H100,Great Lakes Inn,Chicago,IL,2023-08-06,2023,31,108,79,0.73,18,0.07,237,22,126,71,95.59,52861.27,6781.79,False,Music Festival
H100,Great Lakes Inn,Chicago,IL,2023-08-13,2023,32,87,59,0.68,21,0.19,59,53,23,27,120.42,49733.46,1049.26,False,
H100,Great Lakes Inn,Chicago,IL,2023-08-20,2023,33,120,80,0.67,9,0.29,160,52,84,69,96.07,53799.2,4126.78,False,Music Festival
H100,Great Lakes Inn,Chicago,IL,2023-08-27,2023,34,88,61,0.69,7,0.19,61,31,20,26,113.57,48494.39,1364.23,False,State Fair
H100,Great Lakes Inn,Chicago,IL,2023-09-03,2023,35,120,78,0.65,15,0.16,78,51,45,38,110.45,60305.7,1955.27,False,
H100,Great Lakes Inn,Chicago,IL,2023-09-10,2023,36,143,89,0.62,12,0.12,178,39,54,60,99.95,62268.85,1980.44,False,
H100,Great Lakes Inn,Chicago,IL,2023-09-17,2023,37,138,114,0.83,19,0.19,114,36,67,23,129.15,103061.7,3351.32,False,Music Festival
H100,Great Lakes Inn,Chicago,IL,2023-09-24,2023,38,97,70,0.72,14,0.19,70,54,30,27,139.19,68203.1,1518.04,False,
H100,Great Lakes Inn,Chicago,IL,2023-10-01,2023,39,148,101,0.68,20,0.03,202,50,65,99,83.8,59246.6,6004.29,False,
H100,Great Lakes Inn,Chicago,IL,2023-10-08,2023,40,134,98,0.73,27,0.29,294,26,170,135,156.63,107448.18,3205.89,False,Sports Event
H100,Great Lakes Inn,Chicago,IL,2023-10-15,2023,41,126,87,0.69,12,0.24,87,42,38,28,125.57,76472.13,1345.73,False,Convention
H100,Great Lakes Inn,Chicago,IL,2023-10-22,2023,42,145,101,0.7,14,0.09,202,41,74,81,130.29,92115.03,4517.24,False,
H100,Great Lakes Inn,Chicago,IL,2023-10-29,2023,43,86,53,0.62,11,0.1,53,41,24,24,143.06,53075.26,957.69,False,Convention
H100,Great Lakes Inn,Chicago,IL,2023-11-05,2023,44,100,76,0.76,23,0.06,228,50,95,75,84.83,45129.56,6402.96,False,Sports Event
H100,Great Lakes Inn,Chicago,IL,2023-11-12,2023,45,88,63,0.72,1,0.07,126,39,47,42,135.93,59945.13,3729.68,False,Sports Event
H100,Great Lakes Inn,Chicago,IL,2023-11-19,2023,46,139,68,0.49,13,0.04,204,43,72,61,101.2,48171.2,5698.9,False,Music Festival
H100,Great Lakes Inn,Chicago,IL,2023-11-26,2023,47,150,135,0.9,11,0.12,135,31,44,31,108.82,102834.9,2594.1,True,
H100,Great Lakes Inn,Chicago,IL,2023-12-03,2023,48,94,60,0.64,5,0.3,180,33,101,85,124.28,52197.6,2019.88,False,State Fair
H100,Great Lakes Inn,Chicago,IL,2023-12-10,2023,49,114,89,0.78,9,0.07,267,63,109,90,113.79,70891.17,6661.49,False,Music Festival
H100,Great Lakes Inn,Chicago,IL,2023-12-17,2023,50,94,71,0.76,16,0.3,142,23,54,44,124.07,61662.79,1477.0,False,Sports Event
H100,Great Lakes Inn,Chicago,IL,2023-12-24,2023,51,100,59,0.59,9,0.09,118,50,53,26,133.07,54957.91,2447.57,True,
H100,Great Lakes Inn,Chicago,IL,2023-12-31,2023,52,113,96,0.85,17,0.07,288,49,117,142,158.19,106303.68,6369.26,True,Convention
H100,Great Lakes Inn,Chicago,IL,2024-01-07,2024,1,144,95,0.66,12,0.13,95,31,54,21,109.1,72551.5,1946.57,False,
H100,Great Lakes Inn,Chicago,IL,2024-01-14,2024,2,118,85,0.72,13,0.16,255,34,89,102,135.11,80390.45,7289.82,False,State Fair
H100,Great Lakes Inn,Chicago,IL,2024-01-21,2024,3,105,94,0.9,25,0.3,94,42,35,22,65.18,42888.44,2087.97,False,Music Festival
H100,Great Lakes Inn,Chicago,IL,2024-01-28,2024,4,100,76,0.76,2,0.2,228,31,72,113,112.31,59748.92,3749.93,False,State Fair
H100,Great Lakes Inn,Chicago,IL,2024-02-04,2024,5,80,51,0.64,19,0.22,153,22,88,68,99.35,35467.95,4482.98,False,Music Festival
H100,Great Lakes Inn,Chicago,IL,2024-02-11,2024,6,142,104,0.73,9,0.16,104,43,37,25,111.76,81361.28,1381.67,False,
H100,Great Lakes Inn,Chicago,IL,2024-02-18,2024,7,126,95,0.75,21,0.2,190,53,83,55,120.37,80046.05,2782.41,False,Convention
H100,Great Lakes Inn,Chicago,IL,2024-02-25,2024,8,87,75,0.86,12,0.22,75,47,43,29,102.5,53812.5,1941.04,False,State Fair
H100,Great Lakes Inn,Chicago,IL,2024-03-03,2024,9,90,59,0.66,18,0.3,59,44,22,24,121.43,50150.59,1489.7,False,
H100,Great Lakes Inn,Chicago,IL,2024-03-10,2024,10,142,92,0.65,11,0.25,92,30,31,24,139.28,89696.32,2099.71,False,State Fair
H100,Great Lakes Inn,Chicago,IL,2024-03-17,2024,11,96,76,0.79,16,0.3,76,34,36,24,133.09,70803.88,993.09,False,
H100,Great Lakes Inn,Chicago,IL,2024-03-24,2024,12,140,97,0.69,15,0.3,291,47,167,119,125.0,84875.0,6441.08,False,Convention
H100,Great Lakes Inn,Chicago,IL,2024-03-31,2024,13,113,66,0.58,25,0.1,198,47,117,89,121.11,55952.82,4321.45,False,State Fair
H100,Great Lakes Inn,Chicago,IL,2024-04-07,2024,14,134,108,0.81,9,0.18,108,23,62,32,145.4,109922.4,2056.79,False,State Fair
H100,Great Lakes Inn,Chicago,IL,2024-04-14,2024,15,105,64,0.61,12,0.04,192,26,110,59,156.98,70327.04,1970.28,False,Music Festival
H100,Great Lakes Inn,Chicago,IL,2024-04-21,2024,16,131,106,0.81,6,0.22,318,28,190,111,106.45,78985.9,7949.75,False,
H100,Great Lakes Inn,Chicago,IL,2024-04-28,2024,17,127,90,0.71,15,0.07,180,28,95,60,66.98,42197.4,3242.75,False,State Fair
H100,Great Lakes Inn,Chicago,IL,2024-05-05,2024,18,137,110,0.8,5,0.25,110,32,46,22,129.71,99876.7,2549.63,False,Convention
H100,Great Lakes Inn,Chicago,IL,2024-05-12,2024,19,108,67,0.62,19,0.06,67,38,33,18,115.19,54024.11,1637.84,False,Music Festival
H100,Great Lakes Inn,Chicago,IL,2024-05-19,2024,20,82,54,0.66,15,0.23,162,46,92,33,86.6,32734.8,4512.26,False,State Fair
H100,Great Lakes Inn,Chicago,IL,2024-05-26,2024,21,109,95,0.87,10,0.19,285,22,138,92,78.36,52109.4,4528.45,False,Convention
H100,Great Lakes Inn,Chicago,IL,2024-06-02,2024,22,80,69,0.86,20,0.16,69,39,31,26,107.54,51941.82,1842.2,False,
H100,Great Lakes Inn,Chicago,IL,2024-06-09,2024,23,87,57,0.66,14,0.28,57,45,28,25,125.12,49922.88,1254.59,False,
H100,Great Lakes Inn,Chicago,IL,2024-06-16,2024,24,84,67,0.8,6,0.3,134,27,42,33,113.04,53015.76,2956.45,False,
H100,Great Lakes Inn,Chicago,IL,2024-06-23,2024,25,145,104,0.72,9,0.03,104,31,48,35,129.87,94545.36,2563.75,False,Music Festival
H100,Great Lakes Inn,Chicago,IL,2024-06-30,2024,26,142,102,0.72,18,0.02,102,39,54,23,123.6,88250.4,2030.8,False,State Fair
H100,Great Lakes Inn,Chicago,IL,2024-07-07,2024,27,96,63,0.66,9,0.3,189,45,72,71,105.46,46507.86,5357.45,True,State Fair
H100,Great Lakes Inn,Chicago,IL,2024-07-14,2024,28,140,94,0.67,4,0.11,94,46,46,38,110.93,72991.94,1860.12,False,Sports Event
H100,Great Lakes Inn,Chicago,IL,2024-07-21,2024,29,132,100,0.76,17,0.14,100,41,50,28,119.21,83447.0,2724.09,False,
H100,Great Lakes Inn,Chicago,IL,2024-07-28,2024,30,92,70,0.76,10,0.24,210,35,70,46,99.15,48583.5,5144.02,False,Sports Event
H100,Great Lakes Inn,Chicago,IL,2024-08-04,2024,31,125,103,0.82,12,0.13,206,50,116,79,121.65,87709.65,5928.96,False,Sports Event
H100,Great Lakes Inn,Chicago,IL,2024-08-11,2024,32,139,112,0.81,22,0.05,336,36,199,144,86.36,67706.24,8316.55,False,
H100,Great Lakes Inn,Chicago,IL,2024-08-18,2024,33,92,48,0.52,11,0.16,48,29,15,9,119.31,40088.16,848.95,False,Sports Event
H100,Great Lakes Inn,Chicago,IL,2024-08-25,2024,34,123,88,0.72,6,0.17,88,37,38,33,143.34,88297.44,1782.33,False,Convention
H100,Great Lakes Inn,Chicago,IL,2024-09-01,2024,35,104,89,0.86,9,0.09,89,33,28,43,148.41,92459.43,2128.92,False,State Fair
H100,Great Lakes Inn,Chicago,IL,2024-09-08,2024,36,137,88,0.64,16,0.11,88,24,41,20,112.75,69454.0,1107.95,False,Sports Event
H100,Great Lakes Inn,Chicago,IL,2024-09-15,2024,37,103,78,0.76,16,0.23,156,41,64,43,119.34,65159.64,1812.86,False,Sports Event
H100,Great Lakes Inn,Chicago,IL,2024-09-22,2024,38,111,97,0.87,18,0.06,97,51,46,43,146.48,99459.92,2067.52,False,Sports Event
H100,Great Lakes Inn,Chicago,IL,2024-09-29,2024,39,150,88,0.59,18,0.09,88,44,45,39,141.33,87059.28,1968.76,False,
H100,Great Lakes Inn,Chicago,IL,2024-10-06,2024,40,149,121,0.81,9,0.21,121,41,63,30,128.37,108729.39,2438.07,False,
H100,Great Lakes Inn,Chicago,IL,2024-10-13,2024,41,110,81,0.74,15,0.12,81,26,43,18,124.99,70869.33,2370.05,False,Sports Event
H100,Great Lakes Inn,Chicago,IL,2024-10-20,2024,42,142,121,0.85,22,0.05,242,41,124,53,83.8,70978.6,5425.23,False,Convention
H100,Great Lakes Inn,Chicago,IL,2024-10-27,2024,43,131,104,0.79,10,0.19,104,19,52,34,91.04,66277.12,1380.34,False,Convention
H100,Great Lakes Inn,Chicago,IL,2024-11-03,2024,44,128,61,0.48,18,0.24,61,34,23,29,115.55,49339.85,1761.21,False,Sports Event
H100,Great Lakes Inn,Chicago,IL,2024-11-10,2024,45,113,66,0.58,26,0.05,132,37,48,27,94.97,43876.14,3601.91,False,Music Festival
H100,Great Lakes Inn,Chicago,IL,2024-11-17,2024,46,134,113,0.84,17,0.13,339,44,187,145,101.11,79978.01,3610.53,False,
H100,Great Lakes Inn,Chicago,IL,2024-11-24,2024,47,142,103,0.73,15,0.29,103,39,52,33,119.2,85943.2,1162.27,False,Convention
H100,Great Lakes Inn,Chicago,IL,2024-12-01,2024,48,117,65,0.56,2,0.23,65,21,20,20,169.45,77099.75,1029.16,True,
H100,Great Lakes Inn,Chicago,IL,2024-12-08,2024,49,149,96,0.64,19,0.19,96,34,35,47,119.93,80592.96,2146.86,False,
H100,Great Lakes Inn,Chicago,IL,2024-12-15,2024,50,120,70,0.58,17,0.3,70,19,28,14,116.42,57045.8,885.8,False,
H100,Great Lakes Inn,Chicago,IL,2024-12-22,2024,51,141,88,0.62,26,0.24,264,35,129,108,121.19,74653.04,6383.84,True,State Fair
H100,Great Lakes Inn,Chicago,IL,2024-12-29,2024,52,100,63,0.63,16,0.17,63,34,35,22,116.04,51173.64,1440.91,False,State Fair
H101,Twin City Suites,Minneapolis,MN,2023-01-01,2023,52,90,74,0.82,26,0.22,74,34,36,25,154.55,80056.9,1078.11,True,
H101,Twin City Suites,Minneapolis,MN,2023-01-08,2023,1,88,65,0.74,6,0.22,195,23,101,82,82.71,37633.05,3397.05,False,Convention
H101,Twin City Suites,Minneapolis,MN,2023-01-15,2023,2,131,79,0.6,15,0.27,79,57,45,25,133.05,73576.65,2231.53,False,State Fair
H101,Twin City Suites,Minneapolis,MN,2023-01-22,2023,3,111,60,0.54,17,0.06,180,43,103,45,126.48,53121.6,3572.2,False,State Fair
H101,Twin City Suites,Minneapolis,MN,2023-01-29,2023,4,85,57,0.67,17,0.22,171,42,59,54,94.11,37549.89,4355.28,False,
H101,Twin City Suites,Minneapolis,MN,2023-02-05,2023,5,133,108,0.81,3,0.12,324,27,177,106,132.98,100532.88,7819.92,False,State Fair
H101,Twin City Suites,Minneapolis,MN,2023-02-12,2023,6,146,81,0.55,11,0.09,162,52,89,71,140.61,79725.87,2286.93,False,Music Festival
H101,Twin City Suites,Minneapolis,MN,2023-02-19,2023,7,106,76,0.72,11,0.08,228,40,76,76,116.2,61818.4,4592.99,False,
H101,Twin City Suites,Minneapolis,MN,2023-02-26,2023,8,120,89,0.74,20,0.3,89,69,30,18,142.16,88565.68,1249.3,False,Music Festival
H101,Twin City Suites,Minneapolis,MN,2023-03-05,2023,9,130,77,0.59,15,0.1,77,42,42,37,119.38,64345.82,1721.48,False,
H101,Twin City Suites,Minneapolis,MN,2023-03-12,2023,10,118,106,0.9,15,0.25,212,44,77,84,152.67,113281.14,2571.95,False,Music Festival
H101,Twin City Suites,Minneapolis,MN,2023-03-19,2023,11,89,52,0.58,21,0.08,52,44,21,15,140.94,51302.16,1312.78,False,Sports Event
H101,Twin City Suites,Minneapolis,MN,2023-03-26,2023,12,92,69,0.75,11,0.29,69,29,27,21,151.89,73362.87,1226.21,False,State Fair
H101,Twin City Suites,Minneapolis,MN,2023-04-02,2023,13,107,65,0.61,3,0.08,195,50,85,61,121.18,55136.9,3818.81,False,Music Festival
H101,Twin City Suites,Minneapolis,MN,2023-04-09,2023,14,96,78,0.81,4,0.02,156,47,84,64,135.18,73808.28,2319.66,False,
H101,Twin City Suites,Minneapolis,MN,2023-04-16,2023,15,111,80,0.72,12,0.3,160,39,62,70,81.76,45785.6,3553.07,False,Music Festival
H101,Twin City Suites,Minneapolis,MN,2023-04-23,2023,16,100,73,0.73,7,0.26,146,38,51,52,107.97,55172.67,3116.55,False,State Fair
H101,Twin City Suites,Minneapolis,MN,2023-04-30,2023,17,118,86,0.73,23,0.14,258,35,123,115,114.32,68820.64,3674.15,False,
H101,Twin City Suites,Minneapolis,MN,2023-05-07,2023,18,147,108,0.73,4,0.3,108,47,57,30,114.1,86259.6,2521.91,False,
H101,Twin City Suites,Minneapolis,MN,2023-05-14,2023,19,150,123,0.82,15,0.12,246,43,137,65,144.49,124405.89,5149.75,False,
H101,Twin City Suites,Minneapolis,MN,2023-05-21,2023,20,93,80,0.86,10,0.04,80,39,40,25,153.55,85988.0,1907.9,False,Music Festival
H101,Twin City Suites,Minneapolis,MN,2023-05-28,2023,21,94,60,0.64,16,0.11,60,37,34,15,97.98,41151.6,1026.0,False,
H101,Twin City Suites,Minneapolis,MN,2023-06-04,2023,22,150,94,0.63,14,0.1,94,47,53,37,80.13,52725.54,1566.04,False,Music Festival
H101,Twin City Suites,Minneapolis,MN,2023-06-11,2023,23,116,85,0.73,18,0.3,255,39,149,64,100.19,59613.05,5282.72,False,Convention
H101,Twin City Suites,Minneapolis,MN,2023-06-18,2023,24,123,93,0.76,13,0.05,93,27,53,25,98.15,63895.65,2776.02,False,
H101,Twin City Suites,Minneapolis,MN,2023-06-25,2023,25,113,75,0.66,14,0.13,225,43,118,53,130.07,68286.75,5439.35,False,Sports Event
H101,Twin City Suites,Minneapolis,MN,2023-07-02,2023,26,112,84,0.75,8,0.05,84,47,35,28,127.77,75128.76,2384.58,True,
H101,Twin City Suites,Minneapolis,MN,2023-07-09,2023,27,134,127,0.95,15,0.14,254,39,143,116,131.37,116787.93,4087.77,False,
H101,Twin City Suites,Minneapolis,MN,2023-07-16,2023,28,80,60,0.75,12,0.11,120,53,59,53,119.5,50190.0,2655.01,False,Convention
H101,Twin City Suites,Minneapolis,MN,2023-07-23,2023,29,113,88,0.78,9,0.27,88,36,28,18,130.16,80178.56,1641.2,False,
H101,Twin City Suites,Minneapolis,MN,2023-07-30,2023,30,136,95,0.7,14,0.02,285,32,138,112,115.73,76960.45,3181.53,False,
H101,Twin City Suites,Minneapolis,MN,2023-08-06,2023,31,134,113,0.84,10,0.13,339,36,108,119,89.31,70644.21,7620.01,False,
H101,Twin City Suites,Minneapolis,MN,2023-08-13,2023,32,94,74,0.79,1,0.26,74,49,30,23,130.83,67769.94,1878.57,False,
H101,Twin City Suites,Minneapolis,MN,2023-08-20,2023,33,99,76,0.77,13,0.15,228,43,83,46,100.12,53263.84,4778.7,False,
H101,Twin City Suites,Minneapolis,MN,2023-08-27,2023,34,127,88,0.69,22,0.19,264,39,137,90,92.56,57016.96,5065.88,False,State Fair
H101,Twin City Suites,Minneapolis,MN,2023-09-03,2023,35,98,52,0.53,15,0.2,104,50,44,28,118.23,43035.72,2365.38,False,Convention
H101,Twin City Suites,Minneapolis,MN,2023-09-10,2023,36,85,67,0.79,19,0.21,134,41,46,56,160.27,75166.63,1451.68,False,Music Festival
H101,Twin City Suites,Minneapolis,MN,2023-09-17,2023,37,85,60,0.71,15,0.16,120,30,63,47,110.97,46607.4,1436.15,False,Convention
H101,Twin City Suites,Minneapolis,MN,2023-09-24,2023,38,111,72,0.65,22,0.19,216,53,78,51,146.56,73866.24,4941.67,False,
H101,Twin City Suites,Minneapolis,MN,2023-10-01,2023,39,125,94,0.75,9,0.18,282,49,135,105,134.92,88777.36,6522.54,False,Sports Event
H101,Twin City Suites,Minneapolis,MN,2023-10-08,2023,40,99,75,0.76,11,0.09,75,27,32,28,115.57,60674.25,2080.39,False,Convention
H101,Twin City Suites,Minneapolis,MN,2023-10-15,2023,41,102,68,0.67,4,0.26,136,42,59,61,137.77,65578.52,3144.76,False,
H101,Twin City Suites,Minneapolis,MN,2023-10-22,2023,42,102,78,0.76,15,0.14,234,40,129,98,90.16,49227.36,4877.67,False,Music Festival
H101,Twin City Suites,Minneapolis,MN,2023-10-29,2023,43,132,95,0.72,32,0.3,285,52,99,96,133.46,88750.9,2903.19,False,
H101,Twin City Suites,Minneapolis,MN,2023-11-05,2023,44,111,86,0.77,7,0.3,172,47,61,52,148.93,89655.86,4416.24,False,Convention
H101,Twin City Suites,Minneapolis,MN,2023-11-12,2023,45,93,63,0.68,14,0.07,126,31,49,58,111.25,49061.25,3770.76,False,
H101,Twin City Suites,Minneapolis,MN,2023-11-19,2023,46,140,86,0.61,1,0.19,86,56,25,33,104.98,63197.96,1471.45,False,Convention
H101,Twin City Suites,Minneapolis,MN,2023-11-26,2023,47,138,88,0.64,31,0.09,176,60,88,77,144.17,88808.72,2709.77,True,Music Festival
H101,Twin City Suites,Minneapolis,MN,2023-12-03,2023,48,109,76,0.7,23,0.3,76,18,26,22,136.02,72362.64,1419.71,False,
H101,Twin City Suites,Minneapolis,MN,2023-12-10,2023,49,104,71,0.68,13,0.28,142,58,76,33,142.95,71046.15,2510.09,False,Music Festival
H101,Twin City Suites,Minneapolis,MN,2023-12-17,2023,50,115,77,0.67,27,0.3,77,28,23,34,122.82,66199.98,1230.04,False,Music Festival
H101,Twin City Suites,Minneapolis,MN,2023-12-24,2023,51,124,64,0.52,21,0.11,192,34,85,46,124.11,55601.28,3826.41,True,State Fair
H101,Twin City Suites,Minneapolis,MN,2023-12-31,2023,52,131,86,0.66,25,0.1,258,29,135,102,118.0,71036.0,3930.4,True,State Fair
H101,Twin City Suites,Minneapolis,MN,2024-01-07,2024,1,122,82,0.67,16,0.1,82,31,43,18,109.48,62841.52,922.75,False,
H101,Twin City Suites,Minneapolis,MN,2024-01-14,2024,2,113,78,0.69,1,0.23,78,40,45,16,88.75,48457.5,1920.08,False,State Fair
H101,Twin City Suites,Minneapolis,MN,2024-01-21,2024,3,113,73,0.65,6,0.18,73,39,29,17,111.46,56956.06,1096.41,False,
H101,Twin City Suites,Minneapolis,MN,2024-01-28,2024,4,135,87,0.64,15,0.29,174,41,80,39,98.56,60023.04,2316.9,False,
H101,Twin City Suites,Minneapolis,MN,2024-02-04,2024,5,120,48,0.4,10,0.3,96,60,43,42,107.06,35972.16,2469.65,False,State Fair
H101,Twin City Suites,Minneapolis,MN,2024-02-11,2024,6,145,100,0.69,9,0.06,100,32,36,46,114.16,79912.0,2969.98,False,Sports Event
H101,Twin City Suites,Minneapolis,MN,2024-02-18,2024,7,104,56,0.54,13,0.09,112,71,55,50,146.19,57306.48,3280.43,False,
H101,Twin City Suites,Minneapolis,MN,2024-02-25,2024,8,135,86,0.64,14,0.04,86,53,46,27,121.36,73058.72,1131.68,False,State Fair
H101,Twin City Suites,Minneapolis,MN,2024-03-03,2024,9,148,116,0.78,20,0.24,348,35,197,137,116.01,94200.12,7762.47,False,
H101,Twin City Suites,Minneapolis,MN,2024-03-10,2024,10,105,61,0.58,14,0.29,122,39,59,30,116.26,49643.02,1615.85,False,Sports Event
H101,Twin City Suites,Minneapolis,MN,2024-03-17,2024,11,88,70,0.8,14,0.1,210,43,109,53,125.42,61455.8,4371.33,False,Music Festival
H101,Twin City Suites,Minneapolis,MN,2024-03-24,2024,12,120,87,0.72,6,0.28,261,53,116,117,100.01,60906.09,6326.71,False,
H101,Twin City Suites,Minneapolis,MN,2024-03-31,2024,13,118,76,0.64,10,0.07,228,36,110,69,117.94,62744.08,6744.72,False,Music Festival
H101,Twin City Suites,Minneapolis,MN,2024-04-07,2024,14,132,108,0.82,7,0.13,216,28,76,98,131.73,99587.88,3366.47,False,Sports Event
H101,Twin City Suites,Minneapolis,MN,2024-04-14,2024,15,117,76,0.65,23,0.3,228,33,89,90,134.47,71538.04,5312.33,False,Convention
H101,Twin City Suites,Minneapolis,MN,2024-04-21,2024,16,104,79,0.76,16,0.16,158,41,69,72,76.55,42332.15,4666.69,False,
H101,Twin City Suites,Minneapolis,MN,2024-04-28,2024,17,128,100,0.78,12,0.06,300,41,167,86,123.92,86744.0,7829.44,False,
H101,Twin City Suites,Minneapolis,MN,2024-05-05,2024,18,102,74,0.73,7,0.23,222,36,113,80,115.53,59844.54,2275.07,False,State Fair
H101,Twin City Suites,Minneapolis,MN,2024-05-12,2024,19,118,78,0.66,1,0.16,156,29,49,73,128.57,70199.22,3410.85,False,State Fair
H101,Twin City Suites,Minneapolis,MN,2024-05-19,2024,20,80,63,0.79,13,0.13,126,35,70,44,101.45,44739.45,1496.52,False,Music Festival
H101,Twin City Suites,Minneapolis,MN,2024-05-26,2024,21,106,76,0.72,15,0.2,152,50,65,44,149.48,79523.36,3349.85,False,State Fair
H101,Twin City Suites,Minneapolis,MN,2024-06-02,2024,22,121,80,0.66,13,0.19,160,57,59,56,115.08,64444.8,3160.53,False,Sports Event
H101,Twin City Suites,Minneapolis,MN,2024-06-09,2024,23,136,83,0.61,16,0.16,249,56,79,68,111.21,64613.01,2717.33,False,Convention
H101,Twin City Suites,Minneapolis,MN,2024-06-16,2024,24,145,69,0.48,10,0.09,138,19,66,39,121.65,58756.95,1395.2,False,
H101,Twin City Suites,Minneapolis,MN,2024-06-23,2024,25,101,55,0.54,21,0.17,165,41,69,37,102.28,39377.8,2789.24,False,
H101,Twin City Suites,Minneapolis,MN,2024-06-30,2024,26,116,84,0.72,21,0.17,252,33,107,81,125.34,73699.92,5583.84,False,
H101,Twin City Suites,Minneapolis,MN,2024-07-07,2024,27,122,91,0.75,20,0.11,91,41,28,34,105.83,67413.71,1608.59,True,Convention
H101,Twin City Suites,Minneapolis,MN,2024-07-14,2024,28,119,87,0.73,1,0.06,87,35,28,26,123.37,75132.33,2050.89,False,Convention
H101,Twin City Suites,Minneapolis,MN,2024-07-21,2024,29,98,72,0.73,22,0.02,72,42,40,30,121.17,61069.68,924.68,False,
H101,Twin City Suites,Minneapolis,MN,2024-07-28,2024,30,111,69,0.62,13,0.06,138,35,46,50,145.31,70184.73,3180.32,False,State Fair
H101,Twin City Suites,Minneapolis,MN,2024-08-04,2024,31,89,54,0.61,17,0.3,108,49,57,36,130.56,49351.68,2932.33,False,Sports Event
H101,Twin City Suites,Minneapolis,MN,2024-08-11,2024,32,104,77,0.74,13,0.3,231,51,118,93,98.18,52919.02,4299.05,False,
H101,Twin City Suites,Minneapolis,MN,2024-08-18,2024,33,129,85,0.66,7,0.08,170,53,54,54,142.21,84614.95,3759.65,False,Sports Event
H101,Twin City Suites,Minneapolis,MN,2024-08-25,2024,34,111,64,0.58,5,0.06,64,35,28,13,130.93,58656.64,1131.78,False,
H101,Twin City Suites,Minneapolis,MN,2024-09-01,2024,35,80,56,0.7,6,0.12,56,55,31,13,118.13,46306.96,1555.01,False,Sports Event
H101,Twin City Suites,Minneapolis,MN,2024-09-08,2024,36,108,78,0.72,22,0.28,78,25,36,19,154.65,84438.9,1968.57,False,
H101,Twin City Suites,Minneapolis,MN,2024-09-15,2024,37,146,134,0.92,12,0.3,268,33,107,75,121.22,113704.36,4541.4,False,
H101,Twin City Suites,Minneapolis,MN,2024-09-22,2024,38,111,83,0.75,6,0.18,83,63,49,38,142.02,82513.62,1860.3,False,Sports Event
H101,Twin City Suites,Minneapolis,MN,2024-09-29,2024,39,97,86,0.89,10,0.02,172,24,101,81,125.32,75442.64,4712.69,False,
H101,Twin City Suites,Minneapolis,MN,2024-10-06,2024,40,147,128,0.87,16,0.14,384,48,223,93,127.54,114275.84,7552.57,False,State Fair
H101,Twin City Suites,Minneapolis,MN,2024-10-13,2024,41,120,83,0.69,15,0.3,166,33,69,58,174.32,101279.92,4533.72,False,State Fair
H101,Twin City Suites,Minneapolis,MN,2024-10-20,2024,42,144,96,0.67,13,0.16,192,54,69,44,116.1,78019.2,5172.36,False,State Fair
H101,Twin City Suites,Minneapolis,MN,2024-10-27,2024,43,137,111,0.81,13,0.22,111,41,49,45,139.04,108034.08,1408.45,False,
H101,Twin City Suites,Minneapolis,MN,2024-11-03,2024,44,140,113,0.81,7,0.06,226,33,68,112,139.06,109996.46,3591.68,False,Music Festival
H101,Twin City Suites,Minneapolis,MN,2024-11-10,2024,45,111,83,0.75,17,0.18,249,47,131,112,104.66,60807.46,4918.39,False,Music Festival
H101,Twin City Suites,Minneapolis,MN,2024-11-17,2024,46,146,105,0.72,12,0.09,210,34,113,101,82.13,60365.55,2422.82,False,
H101,Twin City Suites,Minneapolis,MN,2024-11-24,2024,47,110,79,0.72,24,0.23,158,32,60,69,116.9,64645.7,4443.31,False,Sports Event
H101,Twin City Suites,Minneapolis,MN,2024-12-01,2024,48,89,68,0.76,12,0.02,204,40,83,80,59.61,28374.36,4430.33,True,Music Festival
H101,Twin City Suites,Minneapolis,MN,2024-12-08,2024,49,110,79,0.72,9,0.13,158,30,85,57,96.89,53580.17,4030.09,False,Music Festival
H101,Twin City Suites,Minneapolis,MN,2024-12-15,2024,50,120,84,0.7,13,0.02,252,30,132,74,120.0,70560.0,2756.13,False,
H101,Twin City Suites,Minneapolis,MN,2024-12-22,2024,51,97,67,0.69,20,0.05,67,31,22,20,134.57,63113.33,1089.89,True,Convention
H101,Twin City Suites,Minneapolis,MN,2024-12-29,2024,52,129,84,0.65,15,0.18,252,47,82,102,71.22,41877.36,5708.87,False,Convention
H102,Gateway Lodge,St. Louis,MO,2023-01-01,2023,52,107,73,0.68,17,0.08,73,41,24,31,111.24,56843.64,1255.67,True,Sports Event
H102,Gateway Lodge,St. Louis,MO,2023-01-08,2023,1,132,94,0.71,14,0.3,188,37,77,40,110.94,72998.52,4971.4,False,State Fair
H102,Gateway Lodge,St. Louis,MO,2023-01-15,2023,2,139,117,0.84,11,0.15,234,39,117,89,105.16,86126.04,5389.67,False,
H102,Gateway Lodge,St. Louis,MO,2023-01-22,2023,3,106,69,0.65,7,0.19,138,32,78,39,109.12,52704.96,1687.77,False,Sports Event
H102,Gateway Lodge,St. Louis,MO,2023-01-29,2023,4,82,56,0.68,1,0.17,168,30,70,60,118.45,46432.4,3239.36,False,Sports Event
H102,Gateway Lodge,St. Louis,MO,2023-02-05,2023,5,141,98,0.7,14,0.16,98,32,44,48,133.46,91553.56,1215.61,False,Music Festival
H102,Gateway Lodge,St. Louis,MO,2023-02-12,2023,6,118,89,0.75,20,0.12,178,25,69,70,133.4,83108.2,3410.46,False,Sports Event
H102,Gateway Lodge,St. Louis,MO,2023-02-19,2023,7,148,113,0.76,2,0.1,339,32,177,115,120.42,95252.22,9917.57,False,
H102,Gateway Lodge,St. Louis,MO,2023-02-26,2023,8,149,107,0.72,12,0.1,321,36,171,119,126.51,94755.99,7292.83,False,Convention
H102,Gateway Lodge,St. Louis,MO,2023-03-05,2023,9,142,94,0.66,25,0.05,94,37,41,43,113.6,74748.8,1216.93,False,Music Festival
H102,Gateway Lodge,St. Louis,MO,2023-03-12,2023,10,135,96,0.71,6,0.21,192,41,96,42,136.83,91949.76,3685.11,False,
H102,Gateway Lodge,St. Louis,MO,2023-03-19,2023,11,129,82,0.64,1,0.3,164,27,51,74,111.42,63955.08,4790.86,False,
H102,Gateway Lodge,St. Louis,MO,2023-03-26,2023,12,131,99,0.76,14,0.11,297,26,144,146,130.97,90762.21,8362.92,False,Convention
H102,Gateway Lodge,St. Louis,MO,2023-04-02,2023,13,139,89,0.64,16,0.15,89,27,33,34,100.87,62842.01,1895.85,False,State Fair
H102,Gateway Lodge,St. Louis,MO,2023-04-09,2023,14,148,110,0.74,13,0.3,110,46,60,46,116.92,90028.4,1164.17,False,Sports Event
H102,Gateway Lodge,St. Louis,MO,2023-04-16,2023,15,83,50,0.6,28,0.15,50,24,29,10,107.01,37453.5,892.46,False,
H102,Gateway Lodge,St. Louis,MO,2023-04-23,2023,16,134,111,0.83,15,0.27,111,50,41,40,147.57,114661.89,1643.69,False,Sports Event
H102,Gateway Lodge,St. Louis,MO,2023-04-30,2023,17,103,59,0.57,14,0.06,59,38,34,22,159.53,65885.89,1199.7,False,Music Festival
H102,Gateway Lodge,St. Louis,MO,2023-05-07,2023,18,128,69,0.54,8,0.26,138,49,61,48,128.18,61910.94,1893.74,False,Convention
H102,Gateway Lodge,St. Louis,MO,2023-05-14,2023,19,138,78,0.57,20,0.11,156,47,84,70,144.72,79017.12,3965.9,False,Music Festival
H102,Gateway Lodge,St. Louis,MO,2023-05-21,2023,20,128,75,0.59,7,0.3,150,43,46,35,133.8,70245.0,1663.9,False,Sports Event
H102,Gateway Lodge,St. Louis,MO,2023-05-28,2023,21,112,49,0.44,6,0.04,49,48,20,14,143.88,49350.84,1290.44,False,Sports Event
H102,Gateway Lodge,St. Louis,MO,2023-06-04,2023,22,82,49,0.6,10,0.07,147,54,73,32,156.04,53521.72,1961.92,False,State Fair
H102,Gateway Lodge,St. Louis,MO,2023-06-11,2023,23,86,63,0.73,16,0.3,126,47,66,29,159.91,70520.31,2190.59,False,Convention
H102,Gateway Lodge,St. Louis,MO,2023-06-18,2023,24,88,83,0.94,21,0.24,249,44,139,70,109.28,63491.68,4209.8,False,
H102,Gateway Lodge,St. Louis,MO,2023-06-25,2023,25,83,62,0.75,17,0.2,62,40,25,15,133.91,58116.94,1096.6,False,Convention
H102,Gateway Lodge,St. Louis,MO,2023-07-02,2023,26,82,64,0.78,13,0.15,192,45,113,41,156.38,70058.24,5232.54,True,Convention
H102,Gateway Lodge,St. Louis,MO,2023-07-09,2023,27,110,77,0.7,17,0.14,77,37,26,22,133.87,72155.93,1805.96,False,Sports Event
H102,Gateway Lodge,St. Louis,MO,2023-07-16,2023,28,94,62,0.66,9,0.17,186,42,56,74,121.39,52683.26,2929.99,False,Convention
H102,Gateway Lodge,St. Louis,MO,2023-07-23,2023,29,139,88,0.63,6,0.03,264,31,84,114,109.28,67316.48,6259.14,False,Music Festival
H102,Gateway Lodge,St. Louis,MO,2023-07-30,2023,30,127,67,0.53,10,0.13,67,45,32,17,150.41,70542.29,805.84,False,State Fair
H102,Gateway Lodge,St. Louis,MO,2023-08-06,2023,31,94,61,0.65,7,0.1,61,40,20,19,137.8,58840.6,1125.73,False,Music Festival
H102,Gateway Lodge,St. Louis,MO,2023-08-13,2023,32,93,74,0.8,6,0.03,222,25,85,88,121.75,63066.5,2561.79,False,
H102,Gateway Lodge,St. Louis,MO,2023-08-20,2023,33,119,88,0.74,10,0.08,264,52,80,129,136.23,83917.68,6371.01,False,
H102,Gateway Lodge,St. Louis,MO,2023-08-27,2023,34,128,74,0.58,2,0.19,148,42,49,36,115.7,59932.6,3219.25,False,
H102,Gateway Lodge,St. Louis,MO,2023-09-03,2023,35,105,76,0.72,21,0.27,76,37,33,37,142.49,75804.68,1046.58,False,State Fair
H102,Gateway Lodge,St. Louis,MO,2023-09-10,2023,36,111,73,0.66,7,0.14,73,48,31,30,120.32,61483.52,1625.41,False,
H102,Gateway Lodge,St. Louis,MO,2023-09-17,2023,37,118,81,0.69,4,0.2,243,45,91,64,101.68,57652.56,2733.88,False,State Fair
H102,Gateway Lodge,St. Louis,MO,2023-09-24,2023,38,95,58,0.61,25,0.14,174,42,95,76,91.99,37347.94,3886.41,False,
H102,Gateway Lodge,St. Louis,MO,2023-10-01,2023,39,124,89,0.72,20,0.25,267,33,126,96,104.28,64966.44,7451.15,False,Sports Event
H102,Gateway Lodge,St. Louis,MO,2023-10-08,2023,40,127,71,0.56,21,0.3,71,46,30,23,130.77,64992.69,800.89,False,State Fair
H102,Gateway Lodge,St. Louis,MO,2023-10-15,2023,41,123,88,0.72,10,0.28,88,40,50,20,110.14,67846.24,2033.11,False,Sports Event
H102,Gateway Lodge,St. Louis,MO,2023-10-22,2023,42,142,119,0.84,9,0.08,119,43,60,27,99.84,83166.72,1784.9,False,Sports Event
H102,Gateway Lodge,St. Louis,MO,2023-10-29,2023,43,126,74,0.59,34,0.22,222,35,87,105,117.49,60859.82,3793.65,False,Sports Event
H102,Gateway Lodge,St. Louis,MO,2023-11-05,2023,44,99,72,0.73,18,0.16,144,31,64,37,128.35,64688.4,3853.18,False,Convention
H102,Gateway Lodge,St. Louis,MO,2023-11-12,2023,45,146,114,0.78,16,0.28,342,43,120,139,111.65,89096.7,4550.55,False,Music Festival
H102,Gateway Lodge,St. Louis,MO,2023-11-19,2023,46,148,99,0.67,14,0.3,198,27,72,70,91.65,63513.45,2208.62,False,Sports Event
H102,Gateway Lodge,St. Louis,MO,2023-11-26,2023,47,135,102,0.76,4,0.09,306,44,129,100,157.42,112397.88,7357.13,True,State Fair
H102,Gateway Lodge,St. Louis,MO,2023-12-03,2023,48,114,84,0.74,14,0.04,168,49,56,64,113.29,66614.52,2159.95,False,Convention
H102,Gateway Lodge,St. Louis,MO,2023-12-10,2023,49,91,56,0.62,7,0.22,112,41,47,23,172.42,67588.64,2527.68,False,Sports Event
H102,Gateway Lodge,St. Louis,MO,2023-12-17,2023,50,111,65,0.59,6,0.22,130,57,71,58,78.28,35617.4,3358.05,False,State Fair
H102,Gateway Lodge,St. Louis,MO,2023-12-24,2023,51,128,87,0.68,4,0.13,174,50,72,76,119.14,72556.26,1973.07,True,
H102,Gateway Lodge,St. Louis,MO,2023-12-31,2023,52,143,100,0.7,12,0.29,200,42,108,66,98.44,68908.0,3402.08,True,Convention
H102,Gateway Lodge,St. Louis,MO,2024-01-07,2024,1,142,89,0.63,9,0.08,89,37,45,18,133.03,82877.69,1751.5,False,Music Festival
H102,Gateway Lodge,St. Louis,MO,2024-01-14,2024,2,113,66,0.58,15,0.29,132,54,69,58,97.11,44864.82,3091.86,False,Music Festival
H102,Gateway Lodge,St. Louis,MO,2024-01-21,2024,3,115,81,0.7,23,0.21,243,38,139,103,154.0,87318.0,6751.16,False,
H102,Gateway Lodge,St. Louis,MO,2024-01-28,2024,4,146,117,0.8,27,0.18,117,37,42,34,104.84,85863.96,2164.15,False,
H102,Gateway Lodge,St. Louis,MO,2024-02-04,2024,5,110,69,0.63,14,0.23,207,35,113,82,106.84,51603.72,4936.37,False,Sports Event
H102,Gateway Lodge,St. Louis,MO,2024-02-11,2024,6,142,111,0.78,14,0.2,333,31,169,88,89.48,69525.96,7738.71,False,Convention
H102,Gateway Lodge,St. Louis,MO,2024-02-18,2024,7,140,106,0.76,17,0.27,318,54,98,88,126.99,94226.58,3427.91,False,
H102,Gateway Lodge,St. Louis,MO,2024-02-25,2024,8,142,77,0.54,5,0.3,154,47,92,68,110.62,59624.18,3316.24,False,
H102,Gateway Lodge,St. Louis,MO,2024-03-03,2024,9,91,69,0.76,19,0.22,138,34,42,42,126.68,61186.44,2243.27,False,Convention
H102,Gateway Lodge,St. Louis,MO,2024-03-10,2024,10,131,110,0.84,5,0.19,330,53,102,148,141.43,108901.1,7422.45,False,Convention
H102,Gateway Lodge,St. Louis,MO,2024-03-17,2024,11,119,107,0.9,15,0.17,321,35,118,121,127.35,95385.15,4568.7,False,State Fair
H102,Gateway Lodge,St. Louis,MO,2024-03-24,2024,12,127,62,0.49,21,0.24,124,41,62,50,131.17,56927.78,1655.05,False,State Fair
H102,Gateway Lodge,St. Louis,MO,2024-03-31,2024,13,147,100,0.68,27,0.21,200,48,98,75,131.26,91882.0,3820.69,False,Sports Event
H102,Gateway Lodge,St. Louis,MO,2024-04-07,2024,14,150,91,0.61,20,0.13,182,48,98,88,100.39,63948.43,3282.87,False,Music Festival
H102,Gateway Lodge,St. Louis,MO,2024-04-14,2024,15,138,131,0.95,15,0.05,262,47,106,56,118.52,108682.84,3063.12,False,Music Festival
H102,Gateway Lodge,St. Louis,MO,2024-04-21,2024,16,112,73,0.65,20,0.24,73,46,41,18,102.09,52167.99,1901.85,False,
H102,Gateway Lodge,St. Louis,MO,2024-04-28,2024,17,104,83,0.8,15,0.18,166,38,66,36,115.88,67326.28,1895.84,False,
H102,Gateway Lodge,St. Louis,MO,2024-05-05,2024,18,148,92,0.62,9,0.1,276,37,94,135,85.96,55358.24,7166.58,False,Convention
H102,Gateway Lodge,St. Louis,MO,2024-05-12,2024,19,104,67,0.64,5,0.07,67,34,33,14,131.9,61861.1,866.88,False,
H102,Gateway Lodge,St. Louis,MO,2024-05-19,2024,20,141,90,0.64,20,0.11,180,31,84,79,124.73,78579.9,3619.83,False,
H102,Gateway Lodge,St. Louis,MO,2024-05-26,2024,21,147,87,0.59,16,0.09,261,39,102,116,117.66,71654.94,5003.01,False,Music Festival
H102,Gateway Lodge,St. Louis,MO,2024-06-02,2024,22,92,58,0.63,17,0.3,58,43,26,26,96.31,39101.86,1147.7,False,Music Festival
H102,Gateway Lodge,St. Louis,MO,2024-06-09,2024,23,109,70,0.64,13,0.3,140,50,59,41,151.26,74117.4,1752.81,False,Convention
H102,Gateway Lodge,St. Louis,MO,2024-06-16,2024,24,118,79,0.67,15,0.03,79,38,36,24,102.15,56488.95,1691.99,False,
H102,Gateway Lodge,St. Louis,MO,2024-06-23,2024,25,148,109,0.74,9,0.07,109,35,63,53,97.9,74697.7,1906.52,False,Music Festival
H102,Gateway Lodge,St. Louis,MO,2024-06-30,2024,26,85,61,0.72,10,0.21,61,41,21,24,106.35,45411.45,1676.37,False,State Fair
H102,Gateway Lodge,St. Louis,MO,2024-07-07,2024,27,117,73,0.62,8,0.07,219,43,114,53,78.26,39990.86,2600.74,True,Convention
H102,Gateway Lodge,St. Louis,MO,2024-07-14,2024,28,142,91,0.64,19,0.19,91,33,52,30,151.82,96709.34,1191.18,False,
H102,Gateway Lodge,St. Louis,MO,2024-07-21,2024,29,116,78,0.67,1,0.07,156,36,48,40,122.83,67065.18,3479.2,False,Sports Event
H102,Gateway Lodge,St. Louis,MO,2024-07-28,2024,30,136,66,0.49,14,0.3,132,57,45,27,88.94,41090.28,1450.98,False,Convention
H102,Gateway Lodge,St. Louis,MO,2024-08-04,2024,31,86,57,0.66,10,0.22,114,34,61,36,109.29,43606.71,2901.92,False,Sports Event
H102,Gateway Lodge,St. Louis,MO,2024-08-11,2024,32,94,69,0.73,19,0.06,69,46,21,30,150.68,72778.44,1013.51,False,Sports Event
H102,Gateway Lodge,St. Louis,MO,2024-08-18,2024,33,142,101,0.71,12,0.12,101,41,48,40,137.38,97127.66,2923.27,False,State Fair
H102,Gateway Lodge,St. Louis,MO,2024-08-25,2024,34,86,56,0.65,16,0.16,56,54,22,16,117.83,46189.36,852.37,False,Convention
H102,Gateway Lodge,St. Louis,MO,2024-09-01,2024,35,118,73,0.62,20,0.12,73,28,23,16,126.48,64631.28,949.69,False,Convention
H102,Gateway Lodge,St. Louis,MO,2024-09-08,2024,36,95,55,0.58,13,0.21,165,23,86,70,137.3,52860.5,4347.45,False,Sports Event
H102,Gateway Lodge,St. Louis,MO,2024-09-15,2024,37,108,77,0.71,7,0.3,231,45,88,59,109.42,58977.38,4296.4,False,Sports Event
H102,Gateway Lodge,St. Louis,MO,2024-09-22,2024,38,137,81,0.59,15,0.3,162,39,69,40,122.46,69434.82,4543.82,False,Music Festival
H102,Gateway Lodge,St. Louis,MO,2024-09-29,2024,39,134,80,0.6,22,0.04,160,48,67,47,117.55,65828.0,3445.94,False,State Fair
H102,Gateway Lodge,St. Louis,MO,2024-10-06,2024,40,87,61,0.7,6,0.09,183,46,91,65,85.11,36341.97,5264.24,False,
H102,Gateway Lodge,St. Louis,MO,2024-10-13,2024,41,92,69,0.75,1,0.07,69,36,25,26,129.72,62654.76,1185.71,False,
H102,Gateway Lodge,St. Louis,MO,2024-10-20,2024,42,107,58,0.54,17,0.27,116,26,46,30,118.63,48163.78,2278.55,False,
H102,Gateway Lodge,St. Louis,MO,2024-10-27,2024,43,90,55,0.61,10,0.18,55,44,24,16,123.81,47666.85,1134.73,False,Convention
H102,Gateway Lodge,St. Louis,MO,2024-11-03,2024,44,102,75,0.74,13,0.09,225,30,105,93,117.3,61582.5,2773.61,False,
H102,Gateway Lodge,St. Louis,MO,2024-11-10,2024,45,100,62,0.62,18,0.17,62,33,26,27,128.51,55773.34,1083.09,False,Sports Event
H102,Gateway Lodge,St. Louis,MO,2024-11-17,2024,46,137,112,0.82,10,0.08,336,31,107,107,112.46,88168.64,8919.47,False,State Fair
H102,Gateway Lodge,St. Louis,MO,2024-11-24,2024,47,140,93,0.66,13,0.1,186,50,83,78,124.51,81056.01,4202.93,False,
H102,Gateway Lodge,St. Louis,MO,2024-12-01,2024,48,109,83,0.76,24,0.12,166,58,90,40,123.04,71486.24,4464.29,True,
H102,Gateway Lodge,St. Louis,MO,2024-12-08,2024,49,116,95,0.82,1,0.05,285,35,129,83,83.64,55620.6,3073.84,False,Sports Event
H102,Gateway Lodge,St. Louis,MO,2024-12-15,2024,50,89,69,0.78,24,0.07,207,45,86,90,121.47,58670.01,4800.35,False,Convention
H102,Gateway Lodge,St. Louis,MO,2024-12-22,2024,51,113,75,0.66,8,0.16,225,28,88,81,96.76,50799.0,3019.21,True,State Fair
H102,Gateway Lodge,St. Louis,MO,2024-12-29,2024,52,105,70,0.67,24,0.11,140,32,42,55,97.35,47701.5,2054.68,False,
H103,Crossroads Hotel,Indianapolis,IN,2023-01-01,2023,52,149,109,0.73,17,0.14,109,38,51,34,121.45,92666.35,1114.64,True,
H103,Crossroads Hotel,Indianapolis,IN,2023-01-08,2023,1,99,65,0.66,9,0.3,130,54,60,36,99.61,45322.55,3651.03,False,Convention
H103,Crossroads Hotel,Indianapolis,IN,2023-01-15,2023,2,89,70,0.79,19,0.01,70,37,25,18,117.79,57717.1,1172.44,False,Convention
H103,Crossroads Hotel,Indianapolis,IN,2023-01-22,2023,3,119,72,0.61,18,0.21,216,36,90,77,125.04,63020.16,5639.47,False,
H103,Crossroads Hotel,Indianapolis,IN,2023-01-29,2023,4,116,67,0.58,9,0.24,134,26,67,29,118.07,55374.83,3208.4,False,
H103,Crossroads Hotel,Indianapolis,IN,2023-02-05,2023,5,139,91,0.65,17,0.08,273,32,101,109,130.33,83020.21,7230.95,False,Music Festival
H103,Crossroads Hotel,Indianapolis,IN,2023-02-12,2023,6,131,104,0.79,6,0.08,208,28,67,103,137.86,100362.08,5682.98,False,State Fair
H103,Crossroads Hotel,Indianapolis,IN,2023-02-19,2023,7,149,131,0.88,12,0.04,262,21,122,119,138.56,127059.52,5534.44,False,Sports Event
H103,Crossroads Hotel,Indianapolis,IN,2023-02-26,2023,8,90,67,0.74,7,0.07,201,36,67,99,138.01,64726.69,3313.8,False,
H103,Crossroads Hotel,Indianapolis,IN,2023-03-05,2023,9,135,100,0.74,20,0.29,300,57,114,129,134.58,94206.0,4400.0,False,Music Festival
H103,Crossroads Hotel,Indianapolis,IN,2023-03-12,2023,10,112,66,0.59,23,0.17,66,43,34,19,135.59,62642.58,1098.2,False,
H103,Crossroads Hotel,Indianapolis,IN,2023-03-19,2023,11,109,75,0.69,11,0.2,225,59,79,64,124.38,65299.5,2476.88,False,State Fair
H103,Crossroads Hotel,Indianapolis,IN,2023-03-26,2023,12,82,58,0.71,15,0.3,174,40,83,52,116.54,47315.24,2238.62,False,Music Festival
H103,Crossroads Hotel,Indianapolis,IN,2023-04-02,2023,13,85,66,0.78,7,0.23,66,42,33,26,117.69,54372.78,661.47,False,Sports Event
H103,Crossroads Hotel,Indianapolis,IN,2023-04-09,2023,14,146,105,0.72,7,0.06,315,57,163,93,133.31,97982.85,5309.2,False,Sports Event
H103,Crossroads Hotel,Indianapolis,IN,2023-04-16,2023,15,115,102,0.89,8,0.14,102,47,30,42,94.05,67151.7,1046.31,False,State Fair
H103,Crossroads Hotel,Indianapolis,IN,2023-04-23,2023,16,135,84,0.62,22,0.14,252,67,117,79,88.77,52196.76,3731.11,False,Sports Event
H103,Crossroads Hotel,Indianapolis,IN,2023-04-30,2023,17,91,77,0.85,12,0.06,154,18,92,57,108.76,58621.64,2481.69,False,Music Festival
H103,Crossroads Hotel,Indianapolis,IN,2023-05-07,2023,18,132,105,0.8,25,0.09,210,36,71,78,142.02,104384.7,5264.58,False,Music Festival
H103,Crossroads Hotel,Indianapolis,IN,2023-05-14,2023,19,93,74,0.8,13,0.3,74,44,28,24,140.91,72991.38,1030.44,False,Music Festival
H103,Crossroads Hotel,Indianapolis,IN,2023-05-21,2023,20,132,97,0.73,13,0.09,291,40,96,109,89.02,60444.58,6621.85,False,Sports Event
H103,Crossroads Hotel,Indianapolis,IN,2023-05-28,2023,21,116,84,0.72,27,0.11,252,24,136,94,103.96,61128.48,5750.47,False,Sports Event
H103,Crossroads Hotel,Indianapolis,IN,2023-06-04,2023,22,150,125,0.83,4,0.24,125,48,38,36,99.47,87036.25,2939.16,False,Sports Event
H103,Crossroads Hotel,Indianapolis,IN,2023-06-11,2023,23,91,74,0.81,23,0.08,148,38,49,55,118.24,61248.32,1663.63,False,Music Festival
H103,Crossroads Hotel,Indianapolis,IN,2023-06-18,2023,24,121,88,0.73,14,0.03,88,33,29,40,84.12,51817.92,2041.05,False,Sports Event
H103,Crossroads Hotel,Indianapolis,IN,2023-06-25,2023,25,145,81,0.56,27,0.07,81,41,35,30,84.07,47667.69,1357.7,False,
H103,Crossroads Hotel,Indianapolis,IN,2023-07-02,2023,26,149,126,0.85,12,0.09,252,46,117,95,124.25,109588.5,4261.22,True,Sports Event
H103,Crossroads Hotel,Indianapolis,IN,2023-07-09,2023,27,86,69,0.8,15,0.25,69,41,26,16,115.57,55820.31,1512.04,False,State Fair
H103,Crossroads Hotel,Indianapolis,IN,2023-07-16,2023,28,126,73,0.58,17,0.3,219,31,120,95,123.91,63318.01,2734.63,False,Sports Event
H103,Crossroads Hotel,Indianapolis,IN,2023-07-23,2023,29,136,93,0.68,17,0.07,93,18,54,37,147.58,96074.58,2697.99,False,Convention
H103,Crossroads Hotel,Indianapolis,IN,2023-07-30,2023,30,114,78,0.68,9,0.16,234,55,112,110,94.15,51405.9,4411.26,False,Convention
H103,Crossroads Hotel,Indianapolis,IN,2023-08-06,2023,31,116,75,0.65,16,0.26,150,53,73,65,89.57,47024.25,4373.84,False,
H103,Crossroads Hotel,Indianapolis,IN,2023-08-13,2023,32,142,124,0.87,29,0.19,124,59,39,47,122.82,106607.76,1802.4,False,
H103,Crossroads Hotel,Indianapolis,IN,2023-08-20,2023,33,110,94,0.85,9,0.19,282,35,117,60,125.72,82723.76,5545.78,False,Convention
H103,Crossroads Hotel,Indianapolis,IN,2023-08-27,2023,34,119,53,0.45,21,0.14,159,40,75,58,123.13,45681.23,4642.14,False,
H103,Crossroads Hotel,Indianapolis,IN,2023-09-03,2023,35,150,120,0.8,28,0.24,240,37,81,56,87.25,73290.0,4119.07,False,
H103,Crossroads Hotel,Indianapolis,IN,2023-09-10,2023,36,108,76,0.7,20,0.02,76,57,32,15,99.79,53088.28,909.6,False,Sports Event
H103,Crossroads Hotel,Indianapolis,IN,2023-09-17,2023,37,95,61,0.64,14,0.25,183,24,60,46,132.41,56539.07,3831.76,False,Convention
H103,Crossroads Hotel,Indianapolis,IN,2023-09-24,2023,38,143,114,0.8,19,0.18,342,26,204,93,120.9,96478.2,4956.66,False,Music Festival
H103,Crossroads Hotel,Indianapolis,IN,2023-10-01,2023,39,145,102,0.7,3,0.23,306,57,168,135,85.05,60725.7,8362.51,False,Music Festival
H103,Crossroads Hotel,Indianapolis,IN,2023-10-08,2023,40,133,95,0.71,11,0.17,190,41,64,76,120.12,79879.8,3404.8,False,Sports Event
H103,Crossroads Hotel,Indianapolis,IN,2023-10-15,2023,41,111,71,0.64,5,0.07,142,54,49,48,157.15,78103.55,2991.86,False,State Fair
H103,Crossroads Hotel,Indianapolis,IN,2023-10-22,2023,42,98,54,0.55,16,0.3,108,46,58,45,155.57,58805.46,2397.83,False,Convention
H103,Crossroads Hotel,Indianapolis,IN,2023-10-29,2023,43,145,85,0.59,13,0.16,255,21,132,52,119.35,71013.25,5532.62,False,Convention
H103,Crossroads Hotel,Indianapolis,IN,2023-11-05,2023,44,88,53,0.6,13,0.14,106,39,32,48,121.0,44891.0,2283.49,False,Sports Event
H103,Crossroads Hotel,Indianapolis,IN,2023-11-12,2023,45,123,88,0.72,20,0.08,264,27,100,68,125.74,77455.84,3943.41,False,Music Festival
H103,Crossroads Hotel,Indianapolis,IN,2023-11-19,2023,46,80,60,0.75,1,0.02,120,25,46,38,121.88,51189.6,3148.48,False,
H103,Crossroads Hotel,Indianapolis,IN,2023-11-26,2023,47,118,95,0.81,18,0.3,285,30,160,61,140.14,93193.1,4167.16,True,State Fair
H103,Crossroads Hotel,Indianapolis,IN,2023-12-03,2023,48,142,95,0.67,17,0.12,95,28,50,40,135.18,89894.7,1543.94,False,Sports Event
H103,Crossroads Hotel,Indianapolis,IN,2023-12-10,2023,49,148,83,0.56,11,0.15,166,46,84,81,134.69,78254.89,2966.6,False,Music Festival
H103,Crossroads Hotel,Indianapolis,IN,2023-12-17,2023,50,122,90,0.74,8,0.14,270,33,133,114,84.41,53178.3,3954.01,False,State Fair
H103,Crossroads Hotel,Indianapolis,IN,2023-12-24,2023,51,128,69,0.54,9,0.25,138,44,76,35,125.34,60539.22,4019.37,True,Music Festival
H103,Crossroads Hotel,Indianapolis,IN,2023-12-31,2023,52,104,57,0.55,5,0.18,171,49,96,49,108.26,43195.74,4646.75,True,Convention
H103,Crossroads Hotel,Indianapolis,IN,2024-01-07,2024,1,129,95,0.74,17,0.24,95,40,46,33,78.27,52049.55,1177.91,False,Sports Event
H103,Crossroads Hotel,Indianapolis,IN,2024-01-14,2024,2,85,67,0.79,9,0.12,134,48,45,55,111.47,52279.43,3328.5,False,
H103,Crossroads Hotel,Indianapolis,IN,2024-01-21,2024,3,140,81,0.58,19,0.14,243,51,100,60,118.33,67093.11,6495.11,False,Sports Event
H103,Crossroads Hotel,Indianapolis,IN,2024-01-28,2024,4,129,72,0.56,15,0.1,216,43,110,50,127.56,64290.24,5783.85,False,
H103,Crossroads Hotel,Indianapolis,IN,2024-02-04,2024,5,99,81,0.82,21,0.26,162,49,50,79,115.55,65516.85,3820.49,False,
H103,Crossroads Hotel,Indianapolis,IN,2024-02-11,2024,6,96,53,0.55,19,0.3,159,40,94,49,114.72,42561.12,2725.87,False,State Fair
H103,Crossroads Hotel,Indianapolis,IN,2024-02-18,2024,7,122,88,0.72,1,0.27,88,38,43,33,117.87,72607.92,1610.66,False,Sports Event
H103,Crossroads Hotel,Indianapolis,IN,2024-02-25,2024,8,92,77,0.84,11,0.23,231,23,121,81,114.29,61602.31,3792.35,False,Sports Event
H103,Crossroads Hotel,Indianapolis,IN,2024-03-03,2024,9,81,63,0.78,13,0.11,189,32,63,41,130.43,57519.63,4626.83,False,Convention
H103,Crossroads Hotel,Indianapolis,IN,2024-03-10,2024,10,132,90,0.68,19,0.2,270,54,89,56,136.15,85774.5,8069.38,False,Convention
H103,Crossroads Hotel,Indianapolis,IN,2024-03-17,2024,11,89,73,0.82,10,0.16,146,42,64,72,119.55,61090.05,3663.34,False,Music Festival
H103,Crossroads Hotel,Indianapolis,IN,2024-03-24,2024,12,123,89,0.72,2,0.2,267,25,145,80,109.66,68318.18,7088.98,False,
H103,Crossroads Hotel,Indianapolis,IN,2024-03-31,2024,13,130,80,0.62,8,0.02,240,19,79,116,118.28,66236.8,2689.09,False,
H103,Crossroads Hotel,Indianapolis,IN,2024-04-07,2024,14,122,72,0.59,6,0.08,216,31,69,102,126.39,63700.56,2981.36,False,State Fair
H103,Crossroads Hotel,Indianapolis,IN,2024-04-14,2024,15,128,91,0.71,23,0.23,182,40,96,87,113.49,72293.13,5129.5,False,
H103,Crossroads Hotel,Indianapolis,IN,2024-04-21,2024,16,142,90,0.63,7,0.12,270,44,94,79,102.64,64663.2,5418.06,False,
H103,Crossroads Hotel,Indianapolis,IN,2024-04-28,2024,17,88,67,0.76,19,0.06,67,27,20,18,84.14,39461.66,1950.57,False,
H103,Crossroads Hotel,Indianapolis,IN,2024-05-05,2024,18,116,79,0.68,16,0.21,79,53,31,30,108.69,60105.57,1093.39,False,
H103,Crossroads Hotel,Indianapolis,IN,2024-05-12,2024,19,91,74,0.81,17,0.15,148,30,70,65,112.05,58041.9,2611.09,False,
H103,Crossroads Hotel,Indianapolis,IN,2024-05-19,2024,20,92,61,0.66,11,0.11,122,30,66,31,148.1,63238.7,2364.46,False,Convention
H103,Crossroads Hotel,Indianapolis,IN,2024-05-26,2024,21,118,76,0.64,17,0.3,76,36,36,20,116.97,62228.04,1347.95,False,
H103,Crossroads Hotel,Indianapolis,IN,2024-06-02,2024,22,121,78,0.64,12,0.06,78,46,36,36,103.86,56707.56,1644.23,False,Music Festival
H103,Crossroads Hotel,Indianapolis,IN,2024-06-09,2024,23,125,70,0.56,15,0.1,140,49,44,38,124.86,61181.4,2702.1,False,Sports Event
H103,Crossroads Hotel,Indianapolis,IN,2024-06-16,2024,24,98,75,0.77,8,0.11,75,34,30,35,62.0,32550.0,1603.43,False,State Fair
H103,Crossroads Hotel,Indianapolis,IN,2024-06-23,2024,25,132,101,0.77,18,0.15,303,53,164,137,134.21,94886.47,5424.02,False,
H103,Crossroads Hotel,Indianapolis,IN,2024-06-30,2024,26,103,70,0.68,10,0.06,70,28,36,25,129.76,63582.4,985.69,False,Convention
H103,Crossroads Hotel,Indianapolis,IN,2024-07-07,2024,27,90,72,0.8,8,0.14,216,45,122,77,99.72,50258.88,4089.86,True,Sports Event
H103,Crossroads Hotel,Indianapolis,IN,2024-07-14,2024,28,110,86,0.78,12,0.09,172,28,80,42,133.43,80324.86,4235.5,False,State Fair
H103,Crossroads Hotel,Indianapolis,IN,2024-07-21,2024,29,98,83,0.85,1,0.26,83,32,39,26,143.29,83251.49,1394.41,False,Sports Event
H103,Crossroads Hotel,Indianapolis,IN,2024-07-28,2024,30,112,77,0.69,17,0.26,154,37,70,60,108.39,58422.21,1667.81,False,Music Festival
H103,Crossroads Hotel,Indianapolis,IN,2024-08-04,2024,31,81,51,0.63,18,0.03,102,58,52,48,86.21,30776.97,1127.77,False,Music Festival
H103,Crossroads Hotel,Indianapolis,IN,2024-08-11,2024,32,149,107,0.72,9,0.1,107,52,37,33,126.95,95085.55,2627.13,False,
H103,Crossroads Hotel,Indianapolis,IN,2024-08-18,2024,33,136,96,0.71,14,0.14,192,29,92,66,78.84,52980.48,3914.16,False,State Fair
H103,Crossroads Hotel,Indianapolis,IN,2024-08-25,2024,34,118,86,0.73,17,0.1,258,31,111,73,80.49,48454.98,7393.6,False,Sports Event
H103,Crossroads Hotel,Indianapolis,IN,2024-09-01,2024,35,112,86,0.77,14,0.3,172,36,52,62,117.88,70963.76,2013.79,False,Music Festival
H103,Crossroads Hotel,Indianapolis,IN,2024-09-08,2024,36,105,91,0.87,14,0.2,182,24,58,42,110.23,70216.51,2529.65,False,Sports Event
H103,Crossroads Hotel,Indianapolis,IN,2024-09-15,2024,37,93,70,0.75,25,0.2,70,41,22,31,143.55,70339.5,1067.37,False,Sports Event
H103,Crossroads Hotel,Indianapolis,IN,2024-09-22,2024,38,125,84,0.67,10,0.09,252,58,99,58,104.38,61375.44,6383.64,False,Music Festival
H103,Crossroads Hotel,Indianapolis,IN,2024-09-29,2024,39,117,78,0.67,15,0.21,78,25,34,33,100.73,54998.58,2222.44,False,
H103,Crossroads Hotel,Indianapolis,IN,2024-10-06,2024,40,130,75,0.58,13,0.07,150,62,60,68,134.01,70355.25,1798.74,False,
H103,Crossroads Hotel,Indianapolis,IN,2024-10-13,2024,41,86,81,0.94,23,0.03,243,41,82,91,109.98,62358.66,6706.01,False,
H103,Crossroads Hotel,Indianapolis,IN,2024-10-20,2024,42,143,120,0.84,19,0.19,240,32,137,102,96.22,80824.8,3283.41,False,Convention
H103,Crossroads Hotel,Indianapolis,IN,2024-10-27,2024,43,125,100,0.8,12,0.3,100,41,44,24,114.2,79940.0,2538.12,False,
H103,Crossroads Hotel,Indianapolis,IN,2024-11-03,2024,44,104,69,0.66,25,0.02,207,34,117,46,137.19,66262.77,3676.21,False,Music Festival
H103,Crossroads Hotel,Indianapolis,IN,2024-11-10,2024,45,97,68,0.7,12,0.22,204,54,78,61,140.35,66806.6,5831.97,False,
H103,Crossroads Hotel,Indianapolis,IN,2024-11-17,2024,46,85,66,0.78,18,0.1,132,33,51,65,147.02,67923.24,3898.27,False,Sports Event
H103,Crossroads Hotel,Indianapolis,IN,2024-11-24,2024,47,84,66,0.79,22,0.11,198,42,72,58,108.24,50006.88,4388.52,False,Music Festival
H103,Crossroads Hotel,Indianapolis,IN,2024-12-01,2024,48,96,80,0.83,25,0.12,80,36,28,24,107.85,60396.0,1733.29,True,Music Festival
H103,Crossroads Hotel,Indianapolis,IN,2024-12-08,2024,49,121,83,0.69,25,0.3,249,56,75,101,114.36,66443.16,4323.89,False,Sports Event
H103,Crossroads Hotel,Indianapolis,IN,2024-12-15,2024,50,102,72,0.71,13,0.17,72,44,38,33,89.62,45168.48,1275.91,False,Convention
H103,Crossroads Hotel,Indianapolis,IN,2024-12-22,2024,51,149,65,0.44,8,0.11,130,37,71,47,82.76,37655.8,2520.46,True,State Fair
H103,Crossroads Hotel,Indianapolis,IN,2024-12-29,2024,52,144,102,0.71,10,0.26,204,32,90,54,110.32,78768.48,5874.89,False,Convention
H104,Riverfront Inn,Cincinnati,OH,2023-01-01,2023,52,112,67,0.6,4,0.09,134,36,42,30,100.56,47162.64,1833.93,True,Music Festival
H104,Riverfront Inn,Cincinnati,OH,2023-01-08,2023,1,123,98,0.8,10,0.26,98,59,52,19,127.92,87753.12,1828.37,False,Sports Event
H104,Riverfront Inn,Cincinnati,OH,2023-01-15,2023,2,89,64,0.72,2,0.3,64,24,37,22,85.17,38156.16,1867.36,False,Convention
H104,Riverfront Inn,Cincinnati,OH,2023-01-22,2023,3,130,86,0.66,15,0.07,258,24,81,96,129.88,78187.76,3915.37,False,Music Festival
H104,Riverfront Inn,Cincinnati,OH,2023-01-29,2023,4,91,37,0.41,9,0.1,74,21,22,32,113.59,29419.81,1121.3,False,
H104,Riverfront Inn,Cincinnati,OH,2023-02-05,2023,5,113,79,0.7,26,0.06,237,62,83,116,119.89,66299.17,5229.38,False,
H104,Riverfront Inn,Cincinnati,OH,2023-02-12,2023,6,138,112,0.81,15,0.03,224,40,92,96,112.07,87862.88,3794.38,False,
H104,Riverfront Inn,Cincinnati,OH,2023-02-19,2023,7,113,66,0.58,24,0.1,198,53,107,53,120.5,55671.0,3012.96,False,Sports Event
H104,Riverfront Inn,Cincinnati,OH,2023-02-26,2023,8,127,69,0.54,1,0.16,69,42,32,31,152.63,73720.29,1203.42,False,
H104,Riverfront Inn,Cincinnati,OH,2023-03-05,2023,9,109,83,0.76,13,0.08,166,45,97,45,135.19,78545.39,4869.19,False,
H104,Riverfront Inn,Cincinnati,OH,2023-03-12,2023,10,121,81,0.67,1,0.13,243,49,76,52,88.53,50196.51,3963.98,False,Convention
H104,Riverfront Inn,Cincinnati,OH,2023-03-19,2023,11,88,50,0.57,1,0.2,150,18,89,40,143.19,50116.5,3321.97,False,Sports Event
H104,Riverfront Inn,Cincinnati,OH,2023-03-26,2023,12,118,94,0.8,15,0.06,282,46,155,58,117.22,77130.76,4047.2,False,Sports Event
H104,Riverfront Inn,Cincinnati,OH,2023-04-02,2023,13,94,77,0.82,22,0.04,77,33,28,24,100.52,54180.28,1334.69,False,
H104,Riverfront Inn,Cincinnati,OH,2023-04-09,2023,14,84,64,0.76,16,0.17,128,47,50,35,150.66,67495.68,3477.31,False,Sports Event
H104,Riverfront Inn,Cincinnati,OH,2023-04-16,2023,15,94,66,0.7,11,0.28,66,38,19,21,144.41,66717.42,1671.44,False,Convention
H104,Riverfront Inn,Cincinnati,OH,2023-04-23,2023,16,148,87,0.59,20,0.06,87,35,51,23,141.68,86283.12,2462.27,False,Sports Event
H104,Riverfront Inn,Cincinnati,OH,2023-04-30,2023,17,138,118,0.86,17,0.1,236,22,111,110,158.97,131309.22,4808.49,False,
H104,Riverfront Inn,Cincinnati,OH,2023-05-07,2023,18,149,119,0.8,1,0.25,238,40,104,57,107.94,89914.02,6073.18,False,State Fair
H104,Riverfront Inn,Cincinnati,OH,2023-05-14,2023,19,99,72,0.73,18,0.17,144,44,71,48,109.49,55182.96,3280.21,False,
H104,Riverfront Inn,Cincinnati,OH,2023-05-21,2023,20,92,64,0.7,13,0.11,128,41,68,31,121.58,54467.84,2476.19,False,State Fair
H104,Riverfront Inn,Cincinnati,OH,2023-05-28,2023,21,132,106,0.8,16,0.07,212,51,70,45,107.85,80024.7,3222.6,False,
H104,Riverfront Inn,Cincinnati,OH,2023-06-04,2023,22,127,83,0.65,18,0.12,83,48,43,23,92.06,53486.86,2486.14,False,Sports Event
H104,Riverfront Inn,Cincinnati,OH,2023-06-11,2023,23,136,111,0.82,7,0.05,111,45,65,24,129.75,100815.75,2547.1,False,Music Festival
H104,Riverfront Inn,Cincinnati,OH,2023-06-18,2023,24,92,74,0.8,16,0.08,222,48,90,99,112.54,58295.72,2464.65,False,Music Festival
H104,Riverfront Inn,Cincinnati,OH,2023-06-25,2023,25,149,131,0.88,6,0.03,393,39,174,120,124.6,114258.2,9294.54,False,Music Festival
H104,Riverfront Inn,Cincinnati,OH,2023-07-02,2023,26,87,71,0.82,20,0.1,142,41,79,66,110.34,54838.98,2695.27,True,Music Festival
H104,Riverfront Inn,Cincinnati,OH,2023-07-09,2023,27,104,64,0.62,13,0.22,64,43,22,14,88.43,39616.64,1806.23,False,Sports Event
H104,Riverfront Inn,Cincinnati,OH,2023-07-16,2023,28,91,68,0.75,18,0.03,204,44,72,52,149.93,71366.68,2791.73,False,Convention
H104,Riverfront Inn,Cincinnati,OH,2023-07-23,2023,29,82,58,0.71,9,0.18,58,50,22,12,85.83,34846.98,1432.87,False,Music Festival
H104,Riverfront Inn,Cincinnati,OH,2023-07-30,2023,30,111,90,0.81,26,0.18,90,48,52,34,128.35,80860.5,1231.38,False,State Fair
H104,Riverfront Inn,Cincinnati,OH,2023-08-06,2023,31,106,93,0.88,22,0.17,93,46,35,36,129.0,83979.0,1514.34,False,State Fair
H104,Riverfront Inn,Cincinnati,OH,2023-08-13,2023,32,106,61,0.58,16,0.06,183,44,82,86,108.44,46303.88,2366.61,False,Convention
H104,Riverfront Inn,Cincinnati,OH,2023-08-20,2023,33,109,62,0.57,18,0.25,124,34,52,61,82.81,35939.54,1964.78,False,Convention
H104,Riverfront Inn,Cincinnati,OH,2023-08-27,2023,34,80,48,0.6,4,0.03,96,46,33,47,125.31,42104.16,1829.54,False,Convention
H104,Riverfront Inn,Cincinnati,OH,2023-09-03,2023,35,96,68,0.71,16,0.08,204,53,69,48,112.92,53749.92,4665.19,False,Music Festival
H104,Riverfront Inn,Cincinnati,OH,2023-09-10,2023,36,102,66,0.65,21,0.12,66,26,20,22,135.28,62499.36,1836.09,False,
H104,Riverfront Inn,Cincinnati,OH,2023-09-17,2023,37,83,68,0.82,15,0.2,68,29,36,15,135.89,64683.64,1741.75,False,
H104,Riverfront Inn,Cincinnati,OH,2023-09-24,2023,38,125,84,0.67,19,0.04,84,43,31,18,131.69,77433.72,1290.24,False,State Fair
H104,Riverfront Inn,Cincinnati,OH,2023-10-01,2023,39,121,87,0.72,19,0.05,87,54,29,38,91.48,55711.32,1278.95,False,Convention
H104,Riverfront Inn,Cincinnati,OH,2023-10-08,2023,40,113,67,0.59,26,0.07,67,47,40,17,108.59,50928.71,1025.33,False,Convention
H104,Riverfront Inn,Cincinnati,OH,2023-10-15,2023,41,133,96,0.72,14,0.12,288,34,95,81,103.01,69222.72,7579.91,False,
H104,Riverfront Inn,Cincinnati,OH,2023-10-22,2023,42,88,55,0.62,12,0.03,110,34,35,23,136.63,52602.55,1364.83,False,Sports Event
H104,Riverfront Inn,Cincinnati,OH,2023-10-29,2023,43,126,97,0.77,14,0.28,291,32,118,113,130.95,88915.05,3321.45,False,State Fair
H104,Riverfront Inn,Cincinnati,OH,2023-11-05,2023,44,93,70,0.75,1,0.14,140,44,79,45,146.2,71638.0,3092.05,False,State Fair
H104,Riverfront Inn,Cincinnati,OH,2023-11-12,2023,45,108,63,0.58,26,0.1,189,27,111,86,120.45,53118.45,5155.12,False,
H104,Riverfront Inn,Cincinnati,OH,2023-11-19,2023,46,146,123,0.84,10,0.17,246,39,126,81,117.88,101494.68,6062.52,False,Sports Event
H104,Riverfront Inn,Cincinnati,OH,2023-11-26,2023,47,83,63,0.76,9,0.04,63,36,23,28,144.02,63512.82,1473.28,True,Sports Event
H104,Riverfront Inn,Cincinnati,OH,2023-12-03,2023,48,131,82,0.63,1,0.28,164,19,77,77,63.35,36362.9,4266.68,False,
H104,Riverfront Inn,Cincinnati,OH,2023-12-10,2023,49,93,81,0.87,11,0.06,162,42,64,78,116.55,66083.85,3347.1,False,
H104,Riverfront Inn,Cincinnati,OH,2023-12-17,2023,50,136,104,0.76,29,0.16,104,54,38,25,114.34,83239.52,1885.17,False,
H104,Riverfront Inn,Cincinnati,OH,2023-12-24,2023,51,121,87,0.72,16,0.28,261,49,86,127,129.61,78932.49,3891.27,True,Convention
H104,Riverfront Inn,Cincinnati,OH,2023-12-31,2023,52,88,52,0.59,20,0.18,52,42,20,14,137.95,50213.8,740.56,True,Music Festival
H104,Riverfront Inn,Cincinnati,OH,2024-01-07,2024,1,150,121,0.81,8,0.1,363,27,182,162,116.18,98404.46,9366.0,False,Music Festival
H104,Riverfront Inn,Cincinnati,OH,2024-01-14,2024,2,128,87,0.68,10,0.21,261,25,141,83,117.54,71581.86,6638.98,False,State Fair
H104,Riverfront Inn,Cincinnati,OH,2024-01-21,2024,3,117,88,0.75,20,0.13,176,45,95,80,121.63,74924.08,1935.51,False,State Fair
H104,Riverfront Inn,Cincinnati,OH,2024-01-28,2024,4,135,93,0.69,14,0.04,93,41,50,18,79.34,51650.34,1858.08,False,
H104,Riverfront Inn,Cincinnati,OH,2024-02-04,2024,5,94,85,0.9,15,0.11,255,55,126,64,125.82,74862.9,3351.74,False,
H104,Riverfront Inn,Cincinnati,OH,2024-02-11,2024,6,150,119,0.79,14,0.29,357,47,194,176,58.01,48322.33,8949.82,False,Convention
H104,Riverfront Inn,Cincinnati,OH,2024-02-18,2024,7,135,96,0.71,14,0.06,192,31,106,44,115.28,77468.16,5279.1,False,Convention
H104,Riverfront Inn,Cincinnati,OH,2024-02-25,2024,8,132,87,0.66,16,0.14,174,52,64,68,135.62,82592.58,4780.4,False,Sports Event
H104,Riverfront Inn,Cincinnati,OH,2024-03-03,2024,9,131,79,0.6,7,0.15,158,31,52,55,132.91,73499.23,3272.78,False,
H104,Riverfront Inn,Cincinnati,OH,2024-03-10,2024,10,92,64,0.7,21,0.16,128,18,70,41,117.97,52850.56,2746.3,False,Sports Event
H104,Riverfront Inn,Cincinnati,OH,2024-03-17,2024,11,120,58,0.48,19,0.11,174,36,101,50,117.0,47502.0,2808.67,False,Music Festival
H104,Riverfront Inn,Cincinnati,OH,2024-03-24,2024,12,127,72,0.57,13,0.25,72,47,42,22,102.79,51806.16,1379.18,False,
H104,Riverfront Inn,Cincinnati,OH,2024-03-31,2024,13,140,86,0.61,8,0.22,86,36,34,31,133.19,80180.38,949.92,False,
H104,Riverfront Inn,Cincinnati,OH,2024-04-07,2024,14,90,55,0.61,11,0.14,55,31,31,13,119.42,45976.7,640.13,False,Sports Event
H104,Riverfront Inn,Cincinnati,OH,2024-04-14,2024,15,92,52,0.57,13,0.27,156,43,77,77,137.38,50006.32,1722.31,False,
H104,Riverfront Inn,Cincinnati,OH,2024-04-21,2024,16,127,73,0.57,14,0.3,73,32,38,26,116.03,59291.33,2092.46,False,State Fair
H104,Riverfront Inn,Cincinnati,OH,2024-04-28,2024,17,87,53,0.61,22,0.25,159,37,85,39,67.5,25042.5,3577.79,False,State Fair
H104,Riverfront Inn,Cincinnati,OH,2024-05-05,2024,18,122,115,0.94,14,0.17,345,49,190,85,99.07,79751.35,6018.92,False,
H104,Riverfront Inn,Cincinnati,OH,2024-05-12,2024,19,132,81,0.61,13,0.04,162,41,73,58,95.11,53927.37,2260.52,False,
H104,Riverfront Inn,Cincinnati,OH,2024-05-19,2024,20,134,96,0.72,20,0.04,288,49,98,117,144.12,96848.64,8279.89,False,
H104,Riverfront Inn,Cincinnati,OH,2024-05-26,2024,21,116,88,0.76,8,0.22,264,44,134,84,124.55,76722.8,3117.41,False,Music Festival
H104,Riverfront Inn,Cincinnati,OH,2024-06-02,2024,22,125,95,0.76,6,0.04,95,39,38,41,111.36,74054.4,1646.45,False,State Fair
H104,Riverfront Inn,Cincinnati,OH,2024-06-09,2024,23,144,106,0.74,6,0.15,106,46,35,41,109.63,81345.46,2286.56,False,Convention
H104,Riverfront Inn,Cincinnati,OH,2024-06-16,2024,24,141,117,0.83,14,0.19,117,36,57,53,121.96,99885.24,2902.79,False,
H104,Riverfront Inn,Cincinnati,OH,2024-06-23,2024,25,124,75,0.6,18,0.26,225,48,98,56,141.93,74513.25,5038.12,False,Music Festival
H104,Riverfront Inn,Cincinnati,OH,2024-06-30,2024,26,94,45,0.48,20,0.2,90,52,29,26,92.15,29027.25,2571.07,False,State Fair
H104,Riverfront Inn,Cincinnati,OH,2024-07-07,2024,27,108,89,0.82,14,0.12,178,47,98,46,124.8,77750.4,4493.39,True,State Fair
H104,Riverfront Inn,Cincinnati,OH,2024-07-14,2024,28,83,68,0.82,7,0.23,204,50,88,49,130.46,62098.96,3344.46,False,
H104,Riverfront Inn,Cincinnati,OH,2024-07-21,2024,29,114,78,0.68,9,0.09,78,33,34,33,99.83,54507.18,1366.86,False,Convention
H104,Riverfront Inn,Cincinnati,OH,2024-07-28,2024,30,114,56,0.49,17,0.3,168,42,86,62,117.06,45887.52,3856.34,False,Music Festival
H104,Riverfront Inn,Cincinnati,OH,2024-08-04,2024,31,123,87,0.71,11,0.3,174,31,54,36,71.91,43793.19,4235.79,False,
H104,Riverfront Inn,Cincinnati,OH,2024-08-11,2024,32,103,79,0.77,35,0.29,79,22,29,31,113.4,62710.2,1818.54,False,State Fair
H104,Riverfront Inn,Cincinnati,OH,2024-08-18,2024,33,131,87,0.66,22,0.14,87,34,40,41,120.44,73347.96,2555.05,False,Convention
H104,Riverfront Inn,Cincinnati,OH,2024-08-25,2024,34,83,40,0.48,28,0.15,40,38,17,14,88.01,24642.8,685.42,False,
H104,Riverfront Inn,Cincinnati,OH,2024-09-01,2024,35,147,103,0.7,5,0.15,103,42,47,21,138.03,99519.63,1538.11,False,Sports Event
H104,Riverfront Inn,Cincinnati,OH,2024-09-08,2024,36,133,122,0.92,9,0.3,244,38,128,99,103.74,88593.96,7274.34,False,Music Festival
H104,Riverfront Inn,Cincinnati,OH,2024-09-15,2024,37,100,69,0.69,1,0.16,138,37,77,30,125.72,60722.76,3832.53,False,Music Festival
H104,Riverfront Inn,Cincinnati,OH,2024-09-22,2024,38,121,69,0.57,6,0.22,207,36,74,67,140.94,68074.02,3666.19,False,State Fair
H104,Riverfront Inn,Cincinnati,OH,2024-09-29,2024,39,90,64,0.71,15,0.18,64,35,22,30,87.48,39191.04,1621.57,False,Convention
H104,Riverfront Inn,Cincinnati,OH,2024-10-06,2024,40,100,76,0.76,3,0.16,228,43,106,53,149.56,79565.92,2855.19,False,
H104,Riverfront Inn,Cincinnati,OH,2024-10-13,2024,41,90,47,0.52,15,0.17,94,32,43,42,119.47,39305.63,2814.08,False,Sports Event
H104,Riverfront Inn,Cincinnati,OH,2024-10-20,2024,42,134,69,0.51,9,0.03,138,48,80,38,97.56,47121.48,3619.65,False,State Fair
H104,Riverfront Inn,Cincinnati,OH,2024-10-27,2024,43,136,95,0.7,9,0.17,190,40,63,68,136.11,90513.15,2382.12,False,Music Festival
H104,Riverfront Inn,Cincinnati,OH,2024-11-03,2024,44,107,69,0.64,31,0.21,207,56,99,59,108.21,52265.43,3770.78,False,
H104,Riverfront Inn,Cincinnati,OH,2024-11-10,2024,45,124,82,0.66,7,0.08,164,45,94,74,133.34,76537.16,3880.82,False,
H104,Riverfront Inn,Cincinnati,OH,2024-11-17,2024,46,116,85,0.73,17,0.03,255,33,137,65,106.82,63557.9,2889.97,False,
H104,Riverfront Inn,Cincinnati,OH,2024-11-24,2024,47,142,93,0.65,21,0.12,279,47,158,94,96.47,62801.97,6176.91,False,
H104,Riverfront Inn,Cincinnati,OH,2024-12-01,2024,48,119,89,0.75,10,0.07,89,38,35,31,97.4,60680.2,1932.46,True,Convention
H104,Riverfront Inn,Cincinnati,OH,2024-12-08,2024,49,130,79,0.61,23,0.08,237,53,110,74,100.02,55311.06,4361.98,False,
H104,Riverfront Inn,Cincinnati,OH,2024-12-15,2024,50,80,55,0.69,14,0.19,55,50,31,26,80.9,31146.5,1363.52,False,Music Festival
H104,Riverfront Inn,Cincinnati,OH,2024-12-22,2024,51,107,77,0.72,9,0.18,77,37,30,24,148.78,80192.42,2085.78,True,Music Festival
H104,Riverfront Inn,Cincinnati,OH,2024-12-29,2024,52,117,71,0.61,20,0.14,142,63,58,62,136.54,67860.38,2906.13,False,
H105,Windy City Lodge,Chicago,IL,2023-01-01,2023,52,80,61,0.76,14,0.25,122,31,50,42,132.85,56726.95,2990.14,True,
H105,Windy City Lodge,Chicago,IL,2023-01-08,2023,1,135,91,0.67,7,0.05,91,49,46,29,127.97,81516.89,1864.9,False,Convention
H105,Windy City Lodge,Chicago,IL,2023-01-15,2023,2,128,78,0.61,4,0.3,234,41,123,102,139.44,76134.24,3592.69,False,
H105,Windy City Lodge,Chicago,IL,2023-01-22,2023,3,109,76,0.7,20,0.1,228,44,127,67,109.06,58019.92,4185.94,False,State Fair
H105,Windy City Lodge,Chicago,IL,2023-01-29,2023,4,125,79,0.63,8,0.05,79,22,31,33,125.45,69373.85,1314.56,False,Sports Event
H105,Windy City Lodge,Chicago,IL,2023-02-05,2023,5,85,63,0.74,9,0.15,126,34,40,30,127.22,56104.02,1898.07,False,
H105,Windy City Lodge,Chicago,IL,2023-02-12,2023,6,138,109,0.79,23,0.3,109,36,55,22,90.59,69120.17,2274.8,False,Music Festival
H105,Windy City Lodge,Chicago,IL,2023-02-19,2023,7,134,76,0.57,18,0.04,228,44,92,100,131.97,70208.04,5679.01,False,Sports Event
H105,Windy City Lodge,Chicago,IL,2023-02-26,2023,8,133,70,0.53,3,0.04,140,45,46,37,137.16,67208.4,3799.68,False,
H105,Windy City Lodge,Chicago,IL,2023-03-05,2023,9,131,98,0.75,8,0.16,98,30,31,43,158.15,108490.9,1155.72,False,Music Festival
H105,Windy City Lodge,Chicago,IL,2023-03-12,2023,10,101,56,0.55,9,0.13,168,53,97,50,124.47,48792.24,4851.08,False,Sports Event
H105,Windy City Lodge,Chicago,IL,2023-03-19,2023,11,126,73,0.58,15,0.06,73,39,23,36,87.81,44870.91,1544.5,False,Sports Event
H105,Windy City Lodge,Chicago,IL,2023-03-26,2023,12,93,58,0.62,10,0.09,58,38,34,16,104.57,42455.42,770.31,False,Sports Event
H105,Windy City Lodge,Chicago,IL,2023-04-02,2023,13,131,85,0.65,20,0.1,255,47,143,99,114.96,68401.2,4015.01,False,
H105,Windy City Lodge,Chicago,IL,2023-04-09,2023,14,130,75,0.58,11,0.15,150,51,84,72,101.75,53418.75,3915.28,False,
H105,Windy City Lodge,Chicago,IL,2023-04-16,2023,15,123,88,0.72,22,0.08,88,21,51,25,114.5,70532.0,1052.56,False,Music Festival
H105,Windy City Lodge,Chicago,IL,2023-04-23,2023,16,101,63,0.62,14,0.14,63,46,26,18,136.09,60015.69,1028.75,False,State Fair
H105,Windy City Lodge,Chicago,IL,2023-04-30,2023,17,94,55,0.59,13,0.16,165,46,59,43,108.86,41911.1,3881.11,False,State Fair
H105,Windy City Lodge,Chicago,IL,2023-05-07,2023,18,104,79,0.76,12,0.19,158,36,76,39,99.4,54968.2,4638.95,False,Music Festival
H105,Windy City Lodge,Chicago,IL,2023-05-14,2023,19,98,55,0.56,1,0.08,55,41,16,16,122.99,47351.15,1240.75,False,
H105,Windy City Lodge,Chicago,IL,2023-05-21,2023,20,98,73,0.74,12,0.09,146,40,57,46,103.75,53016.25,1984.58,False,Convention
H105,Windy City Lodge,Chicago,IL,2023-05-28,2023,21,102,76,0.75,14,0.08,228,37,81,58,142.37,75740.84,5785.56,False,Convention
H105,Windy City Lodge,Chicago,IL,2023-06-04,2023,22,89,70,0.79,8,0.13,70,30,31,23,112.08,54919.2,1961.06,False,
H105,Windy City Lodge,Chicago,IL,2023-06-11,2023,23,143,97,0.68,18,0.25,194,32,71,50,84.52,57389.08,2086.6,False,State Fair
H105,Windy City Lodge,Chicago,IL,2023-06-18,2023,24,137,77,0.56,19,0.17,231,33,81,72,100.92,54395.88,6518.05,False,State Fair
H105,Windy City Lodge,Chicago,IL,2023-06-25,2023,25,121,68,0.56,26,0.26,204,57,103,79,97.84,46571.84,3347.9,False,Music Festival
H105,Windy City Lodge,Chicago,IL,2023-07-02,2023,26,99,67,0.68,7,0.02,134,49,75,53,108.34,50811.46,1465.86,True,
H105,Windy City Lodge,Chicago,IL,2023-07-09,2023,27,140,119,0.85,16,0.13,238,38,103,48,152.73,127224.09,6280.34,False,
H105,Windy City Lodge,Chicago,IL,2023-07-16,2023,28,118,89,0.75,1,0.22,178,45,87,51,117.66,73302.18,2230.21,False,State Fair
H105,Windy City Lodge,Chicago,IL,2023-07-23,2023,29,87,57,0.66,21,0.06,114,38,52,37,106.97,42681.03,2846.97,False,State Fair
H105,Windy City Lodge,Chicago,IL,2023-07-30,2023,30,89,66,0.74,18,0.22,132,33,58,32,84.84,39196.08,1402.02,False,Sports Event
H105,Windy City Lodge,Chicago,IL,2023-08-06,2023,31,137,92,0.67,13,0.13,92,51,28,23,89.62,57715.28,2449.49,False,
H105,Windy City Lodge,Chicago,IL,2023-08-13,2023,32,127,80,0.63,22,0.3,160,33,86,45,104.37,58447.2,2212.87,False,
H105,Windy City Lodge,Chicago,IL,2023-08-20,2023,33,91,73,0.8,14,0.13,219,53,128,95,124.21,63471.31,4834.66,False,State Fair
H105,Windy City Lodge,Chicago,IL,2023-08-27,2023,34,144,92,0.64,13,0.14,184,46,87,61,87.44,56311.36,4916.92,False,Sports Event
H105,Windy City Lodge,Chicago,IL,2023-09-03,2023,35,150,99,0.66,2,0.3,297,30,172,93,128.13,88794.09,7303.36,False,
H105,Windy City Lodge,Chicago,IL,2023-09-10,2023,36,137,110,0.8,13,0.23,330,42,123,155,114.73,88342.1,9311.44,False,
H105,Windy City Lodge,Chicago,IL,2023-09-17,2023,37,104,73,0.7,18,0.23,146,39,50,37,109.34,55872.74,2525.94,False,State Fair
H105,Windy City Lodge,Chicago,IL,2023-09-24,2023,38,140,125,0.89,6,0.19,375,48,195,112,160.72,140630.0,9488.3,False,Convention
H105,Windy City Lodge,Chicago,IL,2023-10-01,2023,39,87,55,0.63,1,0.2,110,32,44,41,127.65,49145.25,2938.26,False,
H105,Windy City Lodge,Chicago,IL,2023-10-08,2023,40,123,68,0.55,18,0.21,204,38,72,72,135.37,64436.12,5744.98,False,
H105,Windy City Lodge,Chicago,IL,2023-10-15,2023,41,144,110,0.76,26,0.25,330,38,131,159,113.48,87379.6,5165.6,False,Convention
H105,Windy City Lodge,Chicago,IL,2023-10-22,2023,42,85,76,0.89,10,0.2,76,54,25,36,142.23,75666.36,961.51,False,
H105,Windy City Lodge,Chicago,IL,2023-10-29,2023,43,136,85,0.62,20,0.15,170,60,90,39,99.84,59404.8,4972.04,False,State Fair
H105,Windy City Lodge,Chicago,IL,2023-11-05,2023,44,146,97,0.66,17,0.11,291,55,123,113,131.26,89125.54,6980.0,False,Convention
H105,Windy City Lodge,Chicago,IL,2023-11-12,2023,45,126,85,0.67,14,0.1,170,50,70,72,119.11,70870.45,2029.18,False,Music Festival
H105,Windy City Lodge,Chicago,IL,2023-11-19,2023,46,129,93,0.72,13,0.07,186,53,98,49,111.05,72293.55,5290.67,False,Music Festival
H105,Windy City Lodge,Chicago,IL,2023-11-26,2023,47,86,45,0.52,23,0.3,135,26,73,48,120.4,37926.0,1703.92,True,
H105,Windy City Lodge,Chicago,IL,2023-12-03,2023,48,122,83,0.68,17,0.21,83,34,35,26,105.24,61144.44,2149.14,False,Music Festival
H105,Windy City Lodge,Chicago,IL,2023-12-10,2023,49,92,52,0.57,12,0.25,156,57,90,73,130.48,47494.72,4511.76,False,
H105,Windy City Lodge,Chicago,IL,2023-12-17,2023,50,129,83,0.64,11,0.23,166,38,71,35,119.49,69423.69,3465.67,False,Music Festival
H105,Windy City Lodge,Chicago,IL,2023-12-24,2023,51,99,65,0.66,1,0.24,130,40,50,27,99.28,45172.4,3038.22,True,
H105,Windy City Lodge,Chicago,IL,2023-12-31,2023,52,98,67,0.68,15,0.17,134,37,62,28,132.84,62301.96,1457.6,True,Music Festival
H105,Windy City Lodge,Chicago,IL,2024-01-07,2024,1,130,85,0.65,26,0.1,85,35,37,26,95.7,56941.5,1395.21,False,State Fair
H105,Windy City Lodge,Chicago,IL,2024-01-14,2024,2,90,63,0.7,16,0.16,126,42,60,46,113.32,49974.12,1395.01,False,State Fair
H105,Windy City Lodge,Chicago,IL,2024-01-21,2024,3,128,93,0.73,7,0.23,279,36,92,97,124.05,80756.55,3686.78,False,Music Festival
H105,Windy City Lodge,Chicago,IL,2024-01-28,2024,4,96,45,0.47,12,0.07,135,49,41,66,106.47,33538.05,2771.81,False,
H105,Windy City Lodge,Chicago,IL,2024-02-04,2024,5,147,88,0.6,4,0.17,88,42,39,36,87.53,53918.48,999.7,False,
H105,Windy City Lodge,Chicago,IL,2024-02-11,2024,6,134,86,0.64,9,0.07,258,18,95,55,125.47,75532.94,3965.46,False,Music Festival
H105,Windy City Lodge,Chicago,IL,2024-02-18,2024,7,82,61,0.74,28,0.11,122,22,53,41,121.89,52047.03,2944.21,False,Music Festival
H105,Windy City Lodge,Chicago,IL,2024-02-25,2024,8,103,70,0.68,17,0.17,70,43,30,25,133.91,65615.9,1889.44,False,Music Festival
H105,Windy City Lodge,Chicago,IL,2024-03-03,2024,9,142,66,0.46,11,0.3,66,51,21,25,148.84,68764.08,819.67,False,Convention
H105,Windy City Lodge,Chicago,IL,2024-03-10,2024,10,97,68,0.7,8,0.3,68,58,27,15,131.97,62817.72,2007.18,False,
H105,Windy City Lodge,Chicago,IL,2024-03-17,2024,11,117,74,0.63,2,0.14,74,37,25,34,117.61,60921.98,1755.32,False,State Fair
H105,Windy City Lodge,Chicago,IL,2024-03-24,2024,12,149,114,0.77,26,0.04,342,25,148,94,157.32,125541.36,9063.92,False,State Fair
H105,Windy City Lodge,Chicago,IL,2024-03-31,2024,13,84,79,0.94,7,0.08,237,46,98,76,100.43,55537.79,4593.9,False,Music Festival
H105,Windy City Lodge,Chicago,IL,2024-04-07,2024,14,96,59,0.61,12,0.3,177,26,64,36,116.42,48081.46,4944.48,False,Sports Event
H105,Windy City Lodge,Chicago,IL,2024-04-14,2024,15,99,62,0.63,9,0.1,62,43,24,25,101.79,44176.86,1311.21,False,Convention
H105,Windy City Lodge,Chicago,IL,2024-04-21,2024,16,101,78,0.77,5,0.21,234,49,140,89,125.5,68523.0,4234.02,False,Sports Event
H105,Windy City Lodge,Chicago,IL,2024-04-28,2024,17,85,53,0.62,8,0.17,106,24,52,40,140.45,52106.95,1141.33,False,Music Festival
H105,Windy City Lodge,Chicago,IL,2024-05-05,2024,18,110,71,0.65,14,0.17,142,39,79,47,102.13,50758.61,2668.08,False,State Fair
H105,Windy City Lodge,Chicago,IL,2024-05-12,2024,19,116,76,0.66,1,0.12,228,39,123,53,86.95,46257.4,4876.84,False,Sports Event
H105,Windy City Lodge,Chicago,IL,2024-05-19,2024,20,109,64,0.59,18,0.06,192,29,81,57,133.45,59785.6,5133.8,False,Convention
H105,Windy City Lodge,Chicago,IL,2024-05-26,2024,21,119,85,0.71,15,0.1,170,32,53,52,177.83,105808.85,4177.29,False,Convention
H105,Windy City Lodge,Chicago,IL,2024-06-02,2024,22,127,92,0.72,22,0.02,276,47,89,65,120.02,77292.88,7399.24,False,State Fair
H105,Windy City Lodge,Chicago,IL,2024-06-09,2024,23,136,74,0.54,20,0.3,148,25,47,55,134.06,69443.08,3563.65,False,Music Festival
H105,Windy City Lodge,Chicago,IL,2024-06-16,2024,24,128,82,0.64,13,0.12,246,34,87,86,147.36,84584.64,6078.76,False,State Fair
H105,Windy City Lodge,Chicago,IL,2024-06-23,2024,25,133,94,0.71,8,0.14,94,40,29,41,117.83,77532.14,1959.52,False,Convention
H105,Windy City Lodge,Chicago,IL,2024-06-30,2024,26,97,64,0.66,17,0.08,128,27,73,52,100.03,44813.44,1283.29,False,
H105,Windy City Lodge,Chicago,IL,2024-07-07,2024,27,141,121,0.86,14,0.04,242,34,77,62,129.97,110084.59,6750.65,True,State Fair
H105,Windy City Lodge,Chicago,IL,2024-07-14,2024,28,93,72,0.77,7,0.22,216,46,76,83,97.72,49250.88,3512.95,False,State Fair
H105,Windy City Lodge,Chicago,IL,2024-07-21,2024,29,95,60,0.63,3,0.07,120,31,51,54,96.45,40509.0,2857.49,False,
H105,Windy City Lodge,Chicago,IL,2024-07-28,2024,30,100,72,0.72,29,0.13,144,38,64,54,113.64,57274.56,2380.67,False,Sports Event
H105,Windy City Lodge,Chicago,IL,2024-08-04,2024,31,145,103,0.71,10,0.28,103,34,39,25,123.02,88697.42,1442.32,False,Sports Event
H105,Windy City Lodge,Chicago,IL,2024-08-11,2024,32,91,81,0.89,20,0.02,81,47,41,32,164.04,93010.68,872.15,False,Sports Event
H105,Windy City Lodge,Chicago,IL,2024-08-18,2024,33,124,82,0.66,23,0.29,82,31,41,37,143.68,82472.32,1740.62,False,Sports Event
H105,Windy City Lodge,Chicago,IL,2024-08-25,2024,34,86,54,0.63,14,0.18,108,44,34,23,120.99,45734.22,2408.19,False,State Fair
H105,Windy City Lodge,Chicago,IL,2024-09-01,2024,35,127,98,0.77,7,0.18,98,50,54,21,113.17,77634.62,2142.25,False,Sports Event
H105,Windy City Lodge,Chicago,IL,2024-09-08,2024,36,90,67,0.74,15,0.26,134,53,80,56,93.27,43743.63,1471.75,False,Convention
H105,Windy City Lodge,Chicago,IL,2024-09-15,2024,37,83,69,0.83,14,0.07,138,41,56,37,104.69,50565.27,4013.4,False,
H105,Windy City Lodge,Chicago,IL,2024-09-22,2024,38,122,84,0.69,15,0.13,84,42,27,27,121.44,71406.72,1726.13,False,Convention
H105,Windy City Lodge,Chicago,IL,2024-09-29,2024,39,84,65,0.77,18,0.2,130,42,45,54,113.1,51460.5,2858.52,False,Sports Event
H105,Windy City Lodge,Chicago,IL,2024-10-06,2024,40,97,49,0.51,17,0.11,147,44,49,48,136.45,46802.35,2240.38,False,Sports Event
H105,Windy City Lodge,Chicago,IL,2024-10-13,2024,41,137,84,0.61,17,0.03,252,32,122,71,103.53,60875.64,6143.88,False,
H105,Windy City Lodge,Chicago,IL,2024-10-20,2024,42,90,60,0.67,27,0.21,60,27,24,26,120.88,50769.6,1146.6,False,Music Festival
H105,Windy City Lodge,Chicago,IL,2024-10-27,2024,43,107,85,0.79,1,0.13,85,36,31,27,145.81,86756.95,851.22,False,State Fair
H105,Windy City Lodge,Chicago,IL,2024-11-03,2024,44,147,115,0.78,8,0.09,230,36,118,104,116.83,94048.15,3357.62,False,
H105,Windy City Lodge,Chicago,IL,2024-11-10,2024,45,116,70,0.6,2,0.15,70,48,29,22,112.73,55237.7,1899.42,False,Music Festival
H105,Windy City Lodge,Chicago,IL,2024-11-17,2024,46,95,82,0.86,12,0.27,82,36,28,27,151.83,87150.42,1448.23,False,Convention
H105,Windy City Lodge,Chicago,IL,2024-11-24,2024,47,133,104,0.78,15,0.27,312,32,151,140,99.21,72224.88,3205.11,False,State Fair
H105,Windy City Lodge,Chicago,IL,2024-12-01,2024,48,138,96,0.7,21,0.06,96,21,40,25,114.02,76621.44,1066.24,True,
H105,Windy City Lodge,Chicago,IL,2024-12-08,2024,49,143,94,0.66,3,0.29,282,29,85,127,121.76,80118.08,5885.88,False,State Fair
H105,Windy City Lodge,Chicago,IL,2024-12-15,2024,50,82,65,0.79,5,0.21,195,21,64,87,110.47,50263.85,3184.75,False,State Fair
H105,Windy City Lodge,Chicago,IL,2024-12-22,2024,51,110,62,0.56,6,0.13,186,53,103,76,86.0,37324.0,5151.93,True,Convention
H105,Windy City Lodge,Chicago,IL,2024-12-29,2024,52,117,81,0.69,4,0.21,162,52,91,52,107.37,60878.79,1627.61,False,
H106,Heartland Hotel,Des Moines,IA,2023-01-01,2023,52,125,88,0.7,19,0.06,88,30,45,22,133.18,82038.88,2399.74,True,State Fair
H106,Heartland Hotel,Des Moines,IA,2023-01-08,2023,1,133,87,0.65,9,0.17,87,54,32,20,172.76,105210.84,1495.25,False,
H106,Heartland Hotel,Des Moines,IA,2023-01-15,2023,2,90,65,0.72,1,0.15,195,36,101,93,123.02,55974.1,2172.82,False,Music Festival
H106,Heartland Hotel,Des Moines,IA,2023-01-22,2023,3,88,55,0.62,14,0.27,165,42,93,48,118.16,45491.6,3624.41,False,State Fair
H106,Heartland Hotel,Des Moines,IA,2023-01-29,2023,4,144,85,0.59,13,0.15,255,40,134,106,101.64,60475.8,3626.13,False,State Fair
H106,Heartland Hotel,Des Moines,IA,2023-02-05,2023,5,82,62,0.76,6,0.19,124,46,66,55,96.18,41742.12,1919.55,False,Sports Event
H106,Heartland Hotel,Des Moines,IA,2023-02-12,2023,6,85,65,0.76,8,0.12,195,25,64,81,107.67,48989.85,5548.03,False,Sports Event
H106,Heartland Hotel,Des Moines,IA,2023-02-19,2023,7,127,92,0.72,1,0.21,184,29,101,61,95.21,61315.24,4331.63,False,
H106,Heartland Hotel,Des Moines,IA,2023-02-26,2023,8,82,62,0.76,12,0.26,124,38,68,54,91.48,39702.32,2247.08,False,
H106,Heartland Hotel,Des Moines,IA,2023-03-05,2023,9,124,80,0.65,10,0.24,80,51,29,18,117.71,65917.6,1234.21,False,
H106,Heartland Hotel,Des Moines,IA,2023-03-12,2023,10,93,65,0.7,11,0.3,195,38,60,89,139.47,63458.85,3500.78,False,
H106,Heartland Hotel,Des Moines,IA,2023-03-19,2023,11,122,93,0.76,5,0.05,93,48,54,23,78.46,51077.46,1765.37,False,
H106,Heartland Hotel,Des Moines,IA,2023-03-26,2023,12,125,84,0.67,1,0.3,252,51,94,96,83.84,49297.92,4969.73,False,Music Festival
H106,Heartland Hotel,Des Moines,IA,2023-04-02,2023,13,102,83,0.81,8,0.1,249,33,145,104,116.57,67727.17,5407.6,False,Sports Event
H106,Heartland Hotel,Des Moines,IA,2023-04-09,2023,14,141,114,0.81,14,0.12,342,25,203,108,94.66,75538.68,6804.63,False,Convention
H106,Heartland Hotel,Des Moines,IA,2023-04-16,2023,15,97,72,0.74,19,0.29,72,57,37,19,122.34,61659.36,1137.58,False,
H106,Heartland Hotel,Des Moines,IA,2023-04-23,2023,16,138,78,0.57,7,0.2,78,45,37,38,149.65,81708.9,879.12,False,Music Festival
H106,Heartland Hotel,Des Moines,IA,2023-04-30,2023,17,105,62,0.59,17,0.17,62,36,30,19,129.83,56346.22,1017.96,False,Convention
H106,Heartland Hotel,Des Moines,IA,2023-05-07,2023,18,85,57,0.67,15,0.04,114,45,47,36,115.68,46156.32,2236.55,False,Music Festival
H106,Heartland Hotel,Des Moines,IA,2023-05-14,2023,19,145,86,0.59,3,0.06,172,58,93,75,82.01,49370.02,3915.04,False,State Fair
H106,Heartland Hotel,Des Moines,IA,2023-05-21,2023,20,140,96,0.69,7,0.1,192,35,111,68,138.05,92769.6,3436.76,False,
H106,Heartland Hotel,Des Moines,IA,2023-05-28,2023,21,104,69,0.66,6,0.07,138,28,65,30,112.38,54279.54,3965.98,False,Music Festival
H106,Heartland Hotel,Des Moines,IA,2023-06-04,2023,22,86,49,0.57,24,0.08,147,35,77,30,78.58,26952.94,2959.26,False,Music Festival
H106,Heartland Hotel,Des Moines,IA,2023-06-11,2023,23,114,91,0.8,1,0.18,91,43,29,42,133.86,85268.82,1564.37,False,Music Festival
H106,Heartland Hotel,Des Moines,IA,2023-06-18,2023,24,135,67,0.5,15,0.07,134,25,63,30,156.42,73360.98,3464.45,False,
H106,Heartland Hotel,Des Moines,IA,2023-06-25,2023,25,136,101,0.74,6,0.3,202,30,73,76,141.31,99906.17,3037.33,False,Music Festival
H106,Heartland Hotel,Des Moines,IA,2023-07-02,2023,26,103,69,0.67,14,0.24,138,54,70,41,131.8,63659.4,3428.47,True,
H106,Heartland Hotel,Des Moines,IA,2023-07-09,2023,27,143,135,0.94,1,0.14,270,22,116,55,120.39,113768.55,7934.97,False,State Fair
H106,Heartland Hotel,Des Moines,IA,2023-07-16,2023,28,114,70,0.61,10,0.14,70,44,34,14,129.68,63543.2,1062.65,False,
H106,Heartland Hotel,Des Moines,IA,2023-07-23,2023,29,134,101,0.75,7,0.25,101,35,42,35,84.98,60080.86,1068.92,False,Sports Event
H106,Heartland Hotel,Des Moines,IA,2023-07-30,2023,30,103,70,0.68,3,0.3,210,45,94,50,100.4,49196.0,3953.16,False,Music Festival
H106,Heartland Hotel,Des Moines,IA,2023-08-06,2023,31,121,92,0.76,13,0.2,92,44,49,31,119.56,76996.64,1771.22,False,
H106,Heartland Hotel,Des Moines,IA,2023-08-13,2023,32,121,93,0.77,18,0.21,279,26,146,123,119.3,77664.3,6398.15,False,Music Festival
H106,Heartland Hotel,Des Moines,IA,2023-08-20,2023,33,119,77,0.65,15,0.3,154,30,48,38,114.24,61575.36,2258.86,False,State Fair
H106,Heartland Hotel,Des Moines,IA,2023-08-27,2023,34,134,97,0.72,21,0.3,97,37,40,41,96.44,65482.76,2096.63,False,
H106,Heartland Hotel,Des Moines,IA,2023-09-03,2023,35,136,79,0.58,11,0.28,158,44,87,43,100.1,55355.3,3133.18,False,Sports Event
H106,Heartland Hotel,Des Moines,IA,2023-09-10,2023,36,85,52,0.61,15,0.08,156,46,74,52,139.25,50687.0,4238.12,False,Music Festival
H106,Heartland Hotel,Des Moines,IA,2023-09-17,2023,37,135,94,0.7,18,0.13,188,40,77,62,87.55,57607.9,5567.24,False,
H106,Heartland Hotel,Des Moines,IA,2023-09-24,2023,38,87,55,0.63,1,0.13,55,24,20,11,129.14,49718.9,693.37,False,
H106,Heartland Hotel,Des Moines,IA,2023-10-01,2023,39,131,82,0.63,11,0.13,164,36,50,64,88.09,50563.66,2997.68,False,State Fair
H106,Heartland Hotel,Des Moines,IA,2023-10-08,2023,40,100,61,0.61,9,0.04,61,51,20,26,124.01,52952.27,1431.69,False,Convention
H106,Heartland Hotel,Des Moines,IA,2023-10-15,2023,41,136,99,0.73,9,0.22,99,44,39,48,117.59,81489.87,2774.94,False,Convention
H106,Heartland Hotel,Des Moines,IA,2023-10-22,2023,42,88,68,0.77,9,0.3,68,32,29,17,101.52,48323.52,1867.63,False,
H106,Heartland Hotel,Des Moines,IA,2023-10-29,2023,43,126,81,0.64,15,0.22,162,41,93,67,118.31,67081.77,4101.07,False,Sports Event
H106,Heartland Hotel,Des Moines,IA,2023-11-05,2023,44,84,59,0.7,7,0.11,177,47,62,87,118.98,49138.74,5289.78,False,Convention
H106,Heartland Hotel,Des Moines,IA,2023-11-12,2023,45,137,78,0.57,15,0.15,156,47,60,39,123.58,67474.68,3593.24,False,Music Festival
H106,Heartland Hotel,Des Moines,IA,2023-11-19,2023,46,136,108,0.79,21,0.07,108,51,47,35,117.06,88497.36,1418.61,False,State Fair
H106,Heartland Hotel,Des Moines,IA,2023-11-26,2023,47,97,79,0.81,1,0.16,237,47,72,87,124.82,69025.46,6102.03,True,Music Festival
H106,Heartland Hotel,Des Moines,IA,2023-12-03,2023,48,130,65,0.5,17,0.27,130,45,54,46,141.73,64487.15,3387.92,False,
H106,Heartland Hotel,Des Moines,IA,2023-12-10,2023,49,115,64,0.56,3,0.21,64,35,30,27,123.9,55507.2,1700.11,False,
H106,Heartland Hotel,Des Moines,IA,2023-12-17,2023,50,83,64,0.77,16,0.11,192,36,79,54,133.19,59669.12,2188.27,False,Convention
H106,Heartland Hotel,Des Moines,IA,2023-12-24,2023,51,143,94,0.66,7,0.21,282,38,159,75,81.17,53409.86,7746.96,True,Sports Event
H106,Heartland Hotel,Des Moines,IA,2023-12-31,2023,52,95,43,0.45,14,0.27,86,38,39,30,125.81,37868.81,1987.26,True,Music Festival
H106,Heartland Hotel,Des Moines,IA,2024-01-07,2024,1,137,66,0.48,25,0.1,66,28,33,18,137.44,63497.28,1211.93,False,State Fair
H106,Heartland Hotel,Des Moines,IA,2024-01-14,2024,2,116,84,0.72,12,0.08,252,40,121,71,111.56,65597.28,5981.25,False,Sports Event
H106,Heartland Hotel,Des Moines,IA,2024-01-21,2024,3,105,80,0.76,6,0.3,80,33,43,26,150.78,84436.8,2123.45,False,Convention
H106,Heartland Hotel,Des Moines,IA,2024-01-28,2024,4,89,76,0.85,2,0.21,152,56,49,63,107.6,57243.2,2774.79,False,Convention
H106,Heartland Hotel,Des Moines,IA,2024-02-04,2024,5,136,87,0.64,17,0.03,87,18,30,40,80.71,49152.39,931.97,False,
H106,Heartland Hotel,Des Moines,IA,2024-02-11,2024,6,120,66,0.55,34,0.17,198,45,107,95,119.85,55370.7,2828.14,False,Music Festival
H106,Heartland Hotel,Des Moines,IA,2024-02-18,2024,7,88,51,0.58,12,0.1,153,58,46,67,127.72,45596.04,2560.98,False,State Fair
H106,Heartland Hotel,Des Moines,IA,2024-02-25,2024,8,117,68,0.58,1,0.27,136,34,67,37,120.24,57234.24,3007.67,False,Convention
H106,Heartland Hotel,Des Moines,IA,2024-03-03,2024,9,102,68,0.67,14,0.16,136,41,53,36,120.64,57424.64,3383.81,False,State Fair
H106,Heartland Hotel,Des Moines,IA,2024-03-10,2024,10,108,56,0.52,8,0.18,56,48,23,26,121.78,47737.76,1334.49,False,Convention
H106,Heartland Hotel,Des Moines,IA,2024-03-17,2024,11,97,79,0.81,13,0.3,79,47,44,32,93.0,51429.0,1352.43,False,Sports Event
H106,Heartland Hotel,Des Moines,IA,2024-03-24,2024,12,83,54,0.65,8,0.11,108,23,64,34,153.84,58151.52,1984.52,False,State Fair
H106,Heartland Hotel,Des Moines,IA,2024-03-31,2024,13,127,108,0.85,9,0.19,216,40,72,49,95.11,71903.16,3246.18,False,State Fair
H106,Heartland Hotel,Des Moines,IA,2024-04-07,2024,14,96,71,0.74,11,0.21,213,25,106,76,131.44,65325.68,2671.79,False,
H106,Heartland Hotel,Des Moines,IA,2024-04-14,2024,15,88,66,0.75,5,0.1,132,23,77,31,106.27,49096.74,1697.73,False,Sports Event
H106,Heartland Hotel,Des Moines,IA,2024-04-21,2024,16,141,115,0.82,10,0.3,345,65,179,78,134.29,108103.45,3848.74,False,Sports Event
H106,Heartland Hotel,Des Moines,IA,2024-04-28,2024,17,132,96,0.73,17,0.12,288,37,97,98,104.35,70123.2,5649.33,False,
H106,Heartland Hotel,Des Moines,IA,2024-05-05,2024,18,96,75,0.78,11,0.3,150,26,60,59,133.56,70119.0,2571.73,False,
H106,Heartland Hotel,Des Moines,IA,2024-05-12,2024,19,89,76,0.85,1,0.19,152,26,63,42,100.04,53221.28,3710.06,False,Sports Event
H106,Heartland Hotel,Des Moines,IA,2024-05-19,2024,20,146,76,0.52,18,0.08,152,40,47,56,111.4,59264.8,4183.93,False,Convention
H106,Heartland Hotel,Des Moines,IA,2024-05-26,2024,21,150,113,0.75,15,0.23,339,39,150,80,158.24,125167.84,6818.93,False,State Fair
H106,Heartland Hotel,Des Moines,IA,2024-06-02,2024,22,103,84,0.82,16,0.12,84,20,34,39,127.83,75164.04,847.32,False,Sports Event
H106,Heartland Hotel,Des Moines,IA,2024-06-09,2024,23,144,88,0.61,12,0.08,88,26,27,26,131.76,81164.16,2155.77,False,
H106,Heartland Hotel,Des Moines,IA,2024-06-16,2024,24,146,116,0.79,6,0.23,116,34,51,23,111.7,90700.4,2502.32,False,Music Festival
H106,Heartland Hotel,Des Moines,IA,2024-06-23,2024,25,101,62,0.61,19,0.11,62,54,30,24,125.83,54610.22,1528.04,False,Music Festival
H106,Heartland Hotel,Des Moines,IA,2024-06-30,2024,26,108,75,0.69,17,0.18,150,31,82,49,139.61,73295.25,1614.61,False,State Fair
H106,Heartland Hotel,Des Moines,IA,2024-07-07,2024,27,116,110,0.95,21,0.13,110,56,37,54,92.72,71394.4,1476.91,True,Music Festival
H106,Heartland Hotel,Des Moines,IA,2024-07-14,2024,28,105,67,0.64,21,0.3,201,30,83,92,116.01,54408.69,5483.02,False,State Fair
H106,Heartland Hotel,Des Moines,IA,2024-07-21,2024,29,115,85,0.74,17,0.07,85,47,41,38,141.0,83895.0,1299.82,False,
H106,Heartland Hotel,Des Moines,IA,2024-07-28,2024,30,118,86,0.73,1,0.17,258,46,134,95,88.93,53535.86,2990.97,False,State Fair
H106,Heartland Hotel,Des Moines,IA,2024-08-04,2024,31,91,69,0.76,25,0.01,207,53,108,81,136.01,65692.83,2117.15,False,
H106,Heartland Hotel,Des Moines,IA,2024-08-11,2024,32,101,91,0.9,7,0.29,273,52,98,82,82.51,52558.87,5541.52,False,State Fair
H106,Heartland Hotel,Des Moines,IA,2024-08-18,2024,33,99,67,0.68,14,0.15,67,30,26,25,174.22,81709.18,1054.13,False,
H106,Heartland Hotel,Des Moines,IA,2024-08-25,2024,34,123,85,0.69,9,0.13,255,38,138,53,94.84,56429.8,6994.88,False,
H106,Heartland Hotel,Des Moines,IA,2024-09-01,2024,35,83,65,0.78,1,0.1,65,19,38,21,146.28,66557.4,1123.07,False,
H106,Heartland Hotel,Des Moines,IA,2024-09-08,2024,36,113,68,0.6,12,0.3,204,46,80,100,114.04,54283.04,2162.48,False,Convention
H106,Heartland Hotel,Des Moines,IA,2024-09-15,2024,37,133,71,0.53,23,0.29,213,47,124,97,84.54,42016.38,3102.79,False,
H106,Heartland Hotel,Des Moines,IA,2024-09-22,2024,38,83,52,0.63,9,0.07,104,40,32,24,86.38,31442.32,2884.11,False,
H106,Heartland Hotel,Des Moines,IA,2024-09-29,2024,39,149,97,0.65,24,0.14,194,49,77,66,143.35,97334.65,3217.89,False,
H106,Heartland Hotel,Des Moines,IA,2024-10-06,2024,40,118,73,0.62,11,0.05,146,26,46,50,122.48,62587.28,4006.55,False,Convention
H106,Heartland Hotel,Des Moines,IA,2024-10-13,2024,41,131,116,0.89,10,0.09,232,21,92,96,111.71,90708.52,2991.46,False,Sports Event
H106,Heartland Hotel,Des Moines,IA,2024-10-20,2024,42,89,55,0.62,10,0.21,165,46,72,49,168.53,64884.05,4903.77,False,
H106,Heartland Hotel,Des Moines,IA,2024-10-27,2024,43,100,64,0.64,13,0.27,128,48,54,48,122.79,55009.92,1906.22,False,Sports Event
H106,Heartland Hotel,Des Moines,IA,2024-11-03,2024,44,141,99,0.7,14,0.3,198,54,78,68,92.45,64067.85,2765.56,False,Convention
H106,Heartland Hotel,Des Moines,IA,2024-11-10,2024,45,123,107,0.87,14,0.3,321,29,135,116,115.92,86824.08,4075.32,False,Convention
H106,Heartland Hotel,Des Moines,IA,2024-11-17,2024,46,120,114,0.95,5,0.14,342,46,143,161,145.24,115901.52,5940.97,False,Music Festival
H106,Heartland Hotel,Des Moines,IA,2024-11-24,2024,47,124,94,0.76,12,0.23,188,30,58,41,102.92,67721.36,2751.79,False,Convention
H106,Heartland Hotel,Des Moines,IA,2024-12-01,2024,48,127,80,0.63,16,0.3,240,25,120,98,139.36,78041.6,2400.25,True,State Fair
H106,Heartland Hotel,Des Moines,IA,2024-12-08,2024,49,93,73,0.78,19,0.23,146,27,84,32,159.67,81591.37,3772.37,False,Convention
H106,Heartland Hotel,Des Moines,IA,2024-12-15,2024,50,139,97,0.7,19,0.17,97,33,38,35,137.46,93335.34,1486.77,False,Music Festival
H106,Heartland Hotel,Des Moines,IA,2024-12-22,2024,51,137,129,0.94,20,0.13,129,57,74,43,104.5,94363.5,1338.71,True,Convention
H106,Heartland Hotel,Des Moines,IA,2024-12-29,2024,52,92,76,0.83,13,0.05,76,29,38,26,119.55,63600.6,1444.4,False,Music Festival
